Name,x,y,z,Color
hsa-miR-875-5p,0.715056051,0.79832541,0.957781182,black
hsa-miR-744,0.719025412,0.988536138,1.17943699,black
hsa-miR-92a-1*,0.731084038,1.059268437,1.242982927,black
hsa-miR-1244,0.736008099,0.833053233,1.152896075,black
hsa-miR-661,0.743243256,0.72795671,0.840235466,black
hsa-miR-586,0.744940289,0.860169999,0.802943183,black
hsa-miR-767-5p,0.746594954,0.768607965,0.883173975,black
hsa-miR-876-5p,0.748355258,1.062483089,1.217981368,black
hsa-miR-653,0.755065808,0.698523196,0.793638014,red
hsa-miR-922,0.75573202,0.862257798,0.978804011,black
hsa-miR-15b*,0.757694167,0.803677322,0.851253435,black
hsa-miR-644,0.767861866,0.884888164,0.988625298,black
hsa-miR-1915,0.769849953,0.899105073,0.937293204,black
hsa-miR-656,0.772870339,0.779261329,0.864973729,black
hsa-miR-648,0.77392541,0.719402763,0.797442593,red
hsa-miR-1303,0.776329656,1.037059302,0.846610897,black
hsa-miR-921,0.776662881,0.893109444,0.986503353,black
hsa-miR-675*,0.777969554,0.93291948,1.028745607,black
hsa-miR-720,0.779738323,0.711292171,0.782574301,red
hsa-miR-647,0.780680415,0.709460043,0.779616621,red
hsa-miR-873,0.785659905,0.828267211,0.904403662,black
hsa-miR-766,0.787789258,0.811927678,0.884165826,black
hsa-miR-579,0.789188476,0.840439203,0.740538351,red
hsa-miR-9,0.790376817,0.9897512,1.074281945,black
hsa-miR-888*,0.79128405,1.044701977,1.132625768,black
hsa-miR-758,0.791983985,1.068920366,1.157858226,black
hsa-miR-646,0.792801732,0.818276086,0.885445229,black
hsa-miR-892b,0.794219058,0.737423223,0.796531471,red
hsa-miR-330-5p,0.794858005,0.891563746,0.852136326,black
hsa-miR-888,0.795147687,0.942560913,1.016922975,black
hsa-miR-645,0.795248872,0.828680887,0.893944781,black
hsa-miR-1266,0.795509041,0.489950687,0.384077278,red
hsa-miR-767-3p,0.799615311,0.998506188,1.071262968,black
hsa-miR-338-3p,0.799727671,0.834228763,0.792481747,red
hsa-miR-769-5p,0.800544326,1.085956196,1.163733019,black
hsa-miR-875-3p,0.800596098,0.95182225,1.019926361,black
hsa-miR-765,0.800612695,0.84482548,0.905255068,black
hsa-miR-1296,0.800712894,1.061816394,0.840425157,black
hsa-miR-592,0.801648558,0.935550631,0.811531287,black
hsa-miR-1910,0.805010269,0.917494944,0.914688812,black
hsa-miR-374a*,0.805471435,1.018245975,0.960392566,black
hsa-miR-338-5p,0.805650487,0.940607422,0.886968015,black
hsa-miR-34b*,0.80847107,1.011819587,0.950790492,black
hsa-miR-920,0.808738482,0.733097511,0.777642646,red
hsa-miR-16,0.810390541,0.848791792,0.8405778,black
hsa-miR-7,0.811275649,1.019127412,1.077671693,black
hsa-miR-7,0.811982974,0.77716948,0.821098479,black
hsa-miR-591,0.813760265,0.867760619,0.741524397,red
hsa-miR-585,0.815431355,0.794281816,0.677343863,red
hsa-miR-2909,0.815797881,0.831604099,1.038326762,black
hsa-let-7e*,0.816235417,0.918094035,0.859614981,black
hsa-miR-548c-5p,0.816335771,0.85423277,0.839303982,black
hsa-miR-655,0.819484198,0.690430526,0.722779513,red
hsa-miR-150*,0.819515276,0.814331656,0.797471869,red
hsa-miR-532-3p,0.820109925,0.858851181,0.839958313,black
hsa-miR-877*,0.820225066,0.713276698,0.746021653,red
hsa-miR-654-5p,0.820762672,0.707592259,0.739591497,red
hsa-miR-374b,0.82199143,1.056328974,0.97628841,black
hsa-miR-662,0.822054349,0.776832232,0.810686869,black
hsa-miR-7-2*,0.823102025,0.865025637,0.901574755,black
hsa-miR-589*,0.823163242,1.027362988,0.867880507,black
hsa-miR-668,0.823673037,0.772704471,0.804794516,black
hsa-miR-1306,0.823813929,1.126942788,0.866960233,black
hsa-miR-432,0.823922303,0.989179206,0.999810118,black
hsa-miR-599,0.824617752,0.91064572,0.767924915,black
hsa-miR-152,0.825155296,0.776652526,0.755374249,red
hsa-miR-593*,0.825640257,0.857717485,0.722396097,red
hsa-miR-675,0.825792997,0.718010014,0.745908813,red
hsa-miR-639,0.826329078,1.041646395,0.876575377,black
hsa-miR-885-3p,0.826760817,0.80823436,0.838655997,black
hsa-miR-590-5p,0.8276414,0.866656992,0.728160348,red
hsa-miR-18b*,0.829745088,1.022547673,0.989031178,black
hsa-miR-192,0.829805272,0.93463638,0.903935827,black
hsa-miR-582-3p,0.830137277,0.866329649,0.725696868,red
hsa-miR-432*,0.830708841,0.909605423,0.911870187,black
hsa-miR-7-1*,0.831571252,0.925072123,0.954338754,black
hsa-miR-1304,0.83177258,1.024903053,0.780916549,black
hsa-miR-1911*,0.833373901,0.921464122,0.887380013,black
hsa-miR-373*,0.833935912,1.212234934,1.104333764,black
hsa-miR-380,0.834048478,0.980544225,0.893145313,black
hsa-miR-1224-5p,0.83475145,1.027611201,0.940814262,black
hsa-miR-544,0.837468053,0.875845778,0.838824825,black
hsa-miR-892a,0.837788559,0.804384383,0.823674533,black
hsa-miR-1247,0.839159585,1.071966109,0.796613862,black
hsa-miR-802,0.839269755,0.843491163,0.862194796,black
hsa-miR-654-3p,0.839732488,0.699356749,0.714470411,red
hsa-miR-182*,0.840137174,0.917681419,0.876622967,black
hsa-miR-587,0.840221057,0.905700022,0.749571049,black
hsa-miR-135a*,0.84058787,1.053519488,0.794302436,black
hsa-miR-924,0.840815998,0.704429235,0.718725144,red
hsa-miR-23b*,0.841920109,1.076762542,1.019563937,black
hsa-miR-153,0.842184637,0.876543754,0.835290212,black
hsa-miR-760,0.842631786,0.867997962,0.883704978,black
hsa-miR-1915*,0.842807116,0.964815062,0.918728077,black
hsa-miR-891a,0.843311749,0.735082899,0.747781302,red
hsa-miR-340,0.844104238,0.929175967,0.836273084,black
hsa-miR-454*,0.844805902,0.931340676,0.918079817,black
hsa-let-7f,0.845263741,0.889926536,0.804626186,black
hsa-miR-887,0.846013565,0.731184688,0.741440312,red
hsa-miR-615-3p,0.84719468,0.94792939,0.778062987,black
hsa-miR-16-1*,0.847405563,0.782237833,0.74083009,red
hsa-miR-532-5p,0.847838063,0.972762071,0.920249525,black
hsa-miR-891b,0.847882522,0.782145051,0.79136721,red
hsa-miR-584,0.848280627,0.77682733,0.63680569,green
hsa-miR-450b-5p,0.850217899,0.95218383,0.932651443,black
hsa-miR-1295,0.850484354,0.92985312,0.692906226,black
hsa-miR-590-3p,0.851850384,0.781631397,0.638058737,red
hsa-miR-379,0.851990844,0.973596464,0.868141049,black
hsa-miR-545*,0.85202417,0.772686356,0.727383109,red
hsa-miR-423-3p,0.852184255,0.959330349,0.937483185,black
hsa-miR-671-5p,0.853072842,0.736960023,0.741112685,red
hsa-miR-1250,0.853130685,0.844621773,0.617387844,red
hsa-miR-15a*,0.853419848,0.949656595,0.893048319,black
hsa-miR-1256,0.854070428,1.085192618,0.792363588,black
hsa-miR-106a*,0.856279649,0.98679816,0.880734388,black
hsa-miR-340*,0.856882302,1.091162453,0.967418686,black
hsa-miR-141*,0.856924626,1.215227788,0.898755389,black
hsa-miR-151-5p,0.857188907,0.932804141,0.873343377,black
hsa-miR-744*,0.860035519,0.992972471,0.99048352,black
hsa-miR-548f,0.860144672,0.877667988,0.818409454,black
hsa-miR-588,0.860860694,0.918560592,0.741988063,black
hsa-miR-155*,0.861587792,0.816920576,0.760941738,red
hsa-miR-183,0.861603813,0.945589593,0.880777435,black
hsa-miR-1293,0.862747128,1.073337012,0.788458832,black
hsa-miR-562,0.863506125,0.962072526,0.893622867,black
hsa-miR-18a,0.863656403,0.993175388,0.922903003,black
hsa-miR-1272,0.863848546,0.987124787,0.712599994,black
hsa-miR-641,0.864068773,1.233068563,0.992340925,black
hsa-miR-122*,0.864106676,1.078184428,0.953581769,black
hsa-miR-1825,0.86419404,0.97168237,0.902368993,black
hsa-miR-198,0.864340795,0.887560608,0.810355044,black
hsa-miR-642a,0.865960716,1.128815295,0.906455904,black
hsa-miR-450a,0.86654279,1.124275875,1.080467447,black
hsa-miR-337-3p,0.867167865,1.076067944,0.942720063,black
hsa-miR-9*,0.867303307,1.059876273,1.048360382,black
hsa-miR-376c,0.867488425,1.007788453,0.882575608,black
hsa-miR-1297,0.867627574,1.097645881,0.801780234,black
hsa-miR-369-5p,0.86789318,1.001168053,0.876368863,black
hsa-miR-199a-3p,0.868431537,0.925969188,0.841440247,black
hsa-miR-26a-1*,0.868579657,1.156181894,1.061162563,black
hsa-miR-622,0.868581459,0.963463036,0.771341131,black
hsa-miR-331-3p,0.868600726,0.676618065,0.591792739,red
hsa-miR-140-5p,0.86880958,1.206958564,0.880428716,black
hsa-miR-105,0.868841694,0.888583673,0.781609664,red
hsa-miR-342-3p,0.868851208,0.964170406,0.843052497,black
hsa-miR-541*,0.870080132,0.864210725,0.796658662,red
hsa-miR-16,0.871148474,0.85524959,0.787901274,red
hsa-let-7a*,0.871360399,0.988691388,0.867151896,black
hsa-miR-199a-5p,0.871429815,0.951712898,0.861858308,black
hsa-miR-545,0.871928994,0.913511599,0.840320251,black
hsa-miR-1305,0.872636153,1.084005264,0.787271679,black
hsa-miR-194,0.873350551,0.97093775,0.892223989,black
hsa-miR-9*,0.873370363,0.816861893,0.802373578,black
hsa-miR-145*,0.873493707,1.289382253,0.935509813,black
hsa-miR-18b,0.873595296,0.99366113,0.912849375,black
hsa-miR-638,0.873730808,0.928331442,0.738834893,black
hsa-miR-187,0.873978713,0.98788387,0.907143823,black
hsa-miR-605,0.874009959,0.936925377,0.745436421,black
hsa-miR-155,0.874998969,0.813607689,0.746240148,red
hsa-miR-34a*,0.875015488,0.889883064,0.772615528,red
hsa-miR-649,0.875346825,0.973253719,0.953833001,black
hsa-miR-631,0.875562483,1.058727376,0.840850886,black
hsa-miR-1294,0.876635594,1.103450223,0.797737643,black
hsa-miR-548b-3p,0.877123688,0.944771082,0.86392817,black
hsa-miR-577,0.877693154,0.970398289,0.76882819,black
hsa-miR-141,0.877753103,1.222721757,0.882839399,black
hsa-miR-601,0.878151142,0.911144354,0.721505931,black
hsa-miR-1257,0.878293321,1.090434836,0.774232684,black
hsa-let-7d,0.878552896,0.759082261,0.660318055,red
hsa-miR-548d-5p,0.878705276,0.948008067,0.865327851,black
hsa-miR-548e,0.879044023,0.965351388,0.880819018,black
hsa-miR-1307,0.879269058,1.060475535,0.764372938,black
hsa-miR-130b,0.879448609,0.998411202,0.719491087,black
hsa-miR-346,0.879600815,0.957556091,0.827036794,black
hsa-miR-563,0.879779093,0.931644894,0.849353838,black
hsa-miR-433,0.879854399,0.98091391,0.928429417,black
hsa-miR-651,0.880348642,0.97157225,0.94677512,black
hsa-miR-1976,0.88081568,0.752507801,0.674199306,red
hsa-miR-1827,0.881433012,1.018130199,0.927011486,black
hsa-miR-454,0.881625093,1.218333092,1.150829289,black
hsa-let-7d*,0.882216976,0.924914895,0.801232594,black
hsa-miR-769-3p,0.882571252,0.911607345,0.886103539,black
hsa-miR-1322,0.882802765,1.136378212,0.815803667,black
hsa-miR-424*,0.883041335,0.980040661,0.924255129,black
hsa-miR-187*,0.883107002,1.001192976,0.909862098,black
hsa-miR-331-5p,0.883347584,0.940663095,0.809000354,black
hsa-miR-1911,0.884621104,0.939341797,0.852192012,black
hsa-miR-634,0.884693409,0.94125743,0.739839668,black
hsa-miR-335,0.88524019,0.933965733,0.801523114,black
hsa-miR-548m,0.885433639,0.90015089,0.815400889,black
hsa-miR-497*,0.885850947,1.055686418,0.992437324,black
hsa-miR-659,0.886262056,0.909996298,0.880853943,black
hsa-let-7e,0.88668098,0.847855267,0.730779868,red
hsa-miR-548a-3p,0.887152374,0.949361292,0.858312,black
hsa-miR-619,0.887752818,0.906976637,0.710437746,black
hsa-miR-330-3p,0.888328432,0.884652108,0.756563153,red
hsa-miR-425,0.889227745,0.900247024,0.843096911,black
hsa-miR-299-5p,0.889879082,1.069020064,0.957679668,black
hsa-miR-551a,0.890106437,0.913165617,0.822847762,black
hsa-miR-625*,0.890299232,0.834520387,0.651812882,red
hsa-miR-1302,0.89044589,1.097900751,0.781415439,black
hsa-miR-133b,0.890662442,1.057263277,0.75230933,black
hsa-miR-190,0.891381535,0.957789334,0.862337894,black
hsa-miR-652,0.892376609,0.850106849,0.817244056,black
hsa-miR-671-3p,0.892888676,0.770479802,0.740270387,red
hsa-miR-100*,0.892908769,0.935896946,0.801038126,black
hsa-miR-664,0.893277501,1.034854896,0.99384692,black
hsa-miR-374b*,0.893470264,0.940906031,0.800041252,black
hsa-miR-200c*,0.893691112,1.087031078,0.959879803,black
hsa-miR-876-3p,0.893972162,0.873093891,0.837844431,black
hsa-miR-339-3p,0.894063231,0.908097929,0.771632804,black
hsa-miR-18a*,0.89588786,1.016639976,0.910719507,black
hsa-miR-191,0.895909736,0.949772604,0.850798058,black
hsa-miR-539,0.896064297,0.797880521,0.714184749,red
hsa-miR-627,0.896206846,0.876681083,0.680229349,red
hsa-miR-182,0.896540075,0.87913884,0.786971253,red
hsa-miR-1914*,0.896738329,0.920882933,0.82415671,black
hsa-miR-125a-5p,0.897096382,1.0922099,0.759238754,black
hsa-miR-132*,0.897727411,0.964848194,0.681147147,black
hsa-miR-543,0.897729122,0.897235586,0.801628335,black
hsa-miR-424,0.898285948,0.930024383,0.86220103,black
hsa-miR-455-5p,0.89864828,0.946400589,0.87702922,black
hsa-miR-431*,0.89918687,0.920542616,0.852555677,black
hsa-miR-34b,0.899525779,0.813408803,0.686975874,red
hsa-miR-374a,0.899677634,1.046382092,0.883587586,black
hsa-miR-186*,0.900440712,0.998364171,0.889825756,black
hsa-miR-620,0.900531335,1.092181448,0.843369622,black
hsa-miR-1908,0.901036769,1.025806493,0.91367983,black
hsa-miR-501-3p,0.901287356,1.070313049,0.98895459,black
hsa-miR-580,0.901810778,1.083705663,0.835637476,black
hsa-miR-616*,0.901865609,0.902663108,0.695994575,black
hsa-miR-449a,0.901880639,1.077235757,0.994696307,black
hsa-miR-628-5p,0.902588978,1.170948696,0.902131461,black
hsa-miR-1248,0.902971344,0.97700994,0.674739878,black
hsa-miR-429,0.903046797,1.047399645,0.965897349,black
hsa-miR-1255a,0.905321683,1.066593169,0.734695263,black
hsa-miR-369-3p,0.905540403,0.994125043,0.834025662,black
hsa-let-7a,0.90558272,0.939316726,0.792713353,black
hsa-miR-382,0.90562523,0.983638695,0.825150797,black
hsa-miR-578,0.905965158,0.876989157,0.673138941,black
hsa-miR-455-3p,0.906318975,1.016144261,0.933690853,black
hsa-miR-377*,0.906679604,1.028281886,0.861597779,black
hsa-miR-613,0.907331219,0.973879964,0.7463827,black
hsa-let-7a*,0.907376882,0.771676707,0.649949967,black
hsa-miR-151-3p,0.907381427,0.844852923,0.747243823,black
hsa-let-7a,0.907546145,0.940073571,0.791635701,black
hsa-miR-106b,0.90794439,1.054336832,0.887467328,black
hsa-miR-1302,0.908786176,1.074354295,0.749224985,black
hsa-miR-1252,0.908804005,0.977727315,0.670901681,black
hsa-miR-1225-5p,0.909713966,1.162710017,0.976784584,black
hsa-miR-329,0.909952225,0.966148339,0.806624579,black
hsa-miR-1302,0.909970505,1.092843669,0.761127063,black
hsa-miR-411*,0.910091877,0.937106385,0.782257778,black
hsa-miR-542-5p,0.910301789,0.861029508,0.758655345,black
hsa-miR-34a,0.910873406,1.063512039,0.887014296,black
hsa-miR-597,0.910887215,0.847637188,0.647094015,black
hsa-miR-451,0.911012844,1.034055883,0.945253552,black
hsa-miR-373,0.911122505,1.113182802,0.928187993,black
hsa-miR-548c-3p,0.911474586,0.91256183,0.803026021,black
hsa-miR-604,0.911650799,0.954954148,0.728410152,black
hsa-miR-375,0.91178614,0.862735376,0.71883771,black
hsa-miR-574-5p,0.912151981,0.847243938,0.744994639,black
hsa-miR-573,0.912209243,0.75277396,0.661884182,black
hsa-miR-133a,0.912301768,1.015952336,0.705766851,black
hsa-miR-593,0.912697353,1.077233848,0.820739221,black
hsa-miR-191*,0.912777096,0.98354188,0.864767245,black
hsa-miR-105,0.913011533,0.916395737,0.767077142,black
hsa-miR-486-3p,0.913284703,1.035439709,0.944164009,black
hsa-miR-384,0.913809303,1.050356648,0.873227582,black
hsa-miR-450a,0.914351749,0.967819429,0.881474686,black
hsa-miR-550a*,0.914429982,1.00415512,0.880769431,black
hsa-miR-572,0.914455576,0.738468477,0.647710939,black
hsa-miR-511,0.91451491,1.112370486,1.012948756,black
hsa-miR-571,0.914561177,0.81620824,0.715813849,black
hsa-miR-497,0.914840143,1.076871778,0.980274242,black
hsa-miR-367*,0.915036236,1.099280989,0.912676054,black
hsa-miR-499-5p,0.915916715,1.076794632,0.979051879,black
hsa-miR-1539,0.916006795,0.88420841,0.774688401,black
hsa-miR-633,0.916472989,0.93083967,0.706280476,black
hsa-miR-105*,0.916661573,0.953311949,0.794800727,black
hsa-miR-770-5p,0.916948815,1.003708719,0.93905069,black
hsa-miR-376b,0.917006035,1.061196395,0.879163812,black
hsa-miR-548b-5p,0.917517285,0.896440642,0.783644638,black
hsa-miR-450b-3p,0.917733419,0.977440619,0.886957162,black
hsa-miR-7,0.918035766,0.862813842,0.806276376,black
hsa-miR-195,0.918693321,0.911818562,0.796542546,black
hsa-miR-145,0.919225339,1.187970926,0.819049716,black
hsa-miR-154*,0.919240817,0.792299367,0.691721249,black
hsa-miR-376a,0.920171029,1.069567358,0.88305106,black
hsa-miR-626,0.920804283,0.903299256,0.682160093,black
hsa-miR-33a,0.921871298,0.894218673,0.736918861,black
hsa-miR-1321,0.922921273,1.09363844,0.750992413,black
hsa-miR-192*,0.922976192,0.880713187,0.765799553,black
hsa-miR-607,0.923256749,0.921215868,0.693842513,black
hsa-miR-548f,0.924147144,1.028920022,0.893001885,black
hsa-miR-1185,0.924305445,1.006537335,0.832236237,black
hsa-miR-548d-3p,0.924434302,0.923226128,0.80102103,black
hsa-miR-490-3p,0.924567149,1.074324414,0.967666699,black
hsa-miR-1281,0.924884181,1.132833018,0.76381804,black
hsa-miR-663b,0.924989066,0.952388977,0.883291791,black
hsa-miR-630,0.925332615,0.953230174,0.716344447,black
hsa-miR-367,0.925511614,1.073691432,0.88134074,black
hsa-miR-632,0.925583883,1.127856634,0.84734467,black
hsa-miR-411,0.925950796,0.940899689,0.771972176,black
hsa-miR-564,0.926173517,0.871498443,0.754720488,black
hsa-miR-376a*,0.927763113,1.061745089,0.869419529,black
hsa-miR-625,0.928070535,0.958401162,0.718105635,black
hsa-miR-548h,0.928123876,0.851178841,0.735574656,black
hsa-miR-181b,0.928539819,0.798503024,0.690155798,black
hsa-miR-181a*,0.928776363,0.859195883,0.742424236,black
hsa-miR-548h,0.928781599,0.973316514,0.840528362,black
hsa-miR-103a,0.928911152,0.984147006,0.809688635,black
hsa-miR-550a*,0.93004542,0.899252538,0.775513562,black
hsa-miR-664*,0.930513512,0.813303434,0.749818852,black
hsa-miR-105*,0.930560887,1.061643397,0.871898867,black
hsa-miR-124,0.932509056,1.045445028,0.699132526,black
hsa-miR-363,0.932930458,0.995007395,0.810257888,black
hsa-miR-381,0.933417946,0.894194734,0.727783479,black
hsa-miR-508-3p,0.934271276,0.973812734,0.868023056,black
hsa-miR-133a,0.934903654,1.134984265,0.769395112,black
hsa-miR-370,0.935234614,0.920106814,0.747418608,black
hsa-miR-483-3p,0.935385239,0.963661049,0.857951231,black
hsa-miR-106a,0.935607268,1.027783,0.839537478,black
hsa-miR-449b,0.935617066,0.782151323,0.696179864,black
hsa-miR-379*,0.935765307,0.93121136,0.756010029,black
hsa-miR-600,0.936203595,0.796686107,0.591750899,black
hsa-miR-380*,0.936496569,1.105776783,0.897031117,black
hsa-miR-139-3p,0.936592224,1.227100256,0.830339959,black
hsa-miR-149,0.936721908,1.169281475,0.791106278,black
hsa-miR-555,0.937401824,0.886287896,0.758334662,black
hsa-miR-1253,0.937828377,0.977632762,0.650075414,black
hsa-let-7a-2*,0.938308017,0.953774772,0.776841913,black
hsa-miR-144*,0.938613991,1.253452961,0.846345045,black
hsa-miR-491-3p,0.938853794,1.049702832,0.931101898,black
hsa-miR-1204,0.938924915,1.077721471,0.877218772,black
hsa-miR-363*,0.938931174,0.979540682,0.792565111,black
hsa-miR-491-5p,0.939237875,1.066284163,0.945423014,black
hsa-miR-136,0.939618875,1.238065287,0.835061101,black
hsa-miR-618,0.94032559,0.908357832,0.671739207,black
hsa-miR-1283,0.94067338,1.166080334,0.773038245,black
hsa-miR-124,0.940691225,0.985920759,0.653591329,black
hsa-miR-140-3p,0.941288804,1.175015398,0.791128635,black
hsa-miR-448,0.941300395,0.980080805,0.867086553,black
hsa-miR-548f,0.941309021,0.906148849,0.772110051,black
hsa-miR-17,0.941349937,0.866443381,0.738686561,black
hsa-miR-550a,0.941468313,0.974853947,0.830511652,black
hsa-miR-181c,0.942049288,0.987399419,0.841182734,black
hsa-miR-583,0.942217828,0.719075867,0.530695474,black
hsa-miR-339-5p,0.94224699,0.940390262,0.758210154,black
hsa-miR-138-1*,0.942606622,1.248992186,0.839760947,black
hsa-miR-1249,0.942761374,1.078581787,0.713448561,black
hsa-miR-129-5p,0.943241842,1.072864645,0.709305357,black
hsa-miR-188-5p,0.94366014,1.052289201,0.894933181,black
hsa-miR-127-3p,0.944691944,1.084855875,0.716132193,black
hsa-miR-9,0.945138705,0.932564406,0.846466392,black
hsa-miR-550a,0.945440718,1.078962544,0.915343177,black
hsa-miR-548p,0.945855843,0.978566916,0.8298077,black
hsa-miR-185*,0.945869398,0.962454492,0.816620235,black
hsa-miR-556-3p,0.945987158,0.941508987,0.798272396,black
hsa-miR-365,0.946151644,1.036100409,0.83193104,black
hsa-miR-1302,0.946153785,1.02037977,0.68348116,black
hsa-miR-498,0.94641735,1.022834186,0.900018321,black
hsa-miR-337-5p,0.946480137,1.096198728,0.879881165,black
hsa-miR-507,0.947275793,0.98986376,0.870217462,black
hsa-miR-650,0.947408266,0.958335675,0.86777457,black
hsa-miR-16-2*,0.947738428,0.887754167,0.751753289,black
hsa-miR-551b*,0.947797119,0.913980338,0.773451973,black
hsa-miR-509-3p,0.947806213,0.938052002,0.824206759,black
hsa-miR-362-5p,0.947933099,1.137398275,0.911551288,black
hsa-miR-1470,0.947946282,1.198972158,0.801589113,black
hsa-miR-609,0.948070725,0.882138814,0.647020711,black
hsa-miR-548o,0.948133903,0.980117328,0.829125504,black
hsa-miR-548a-3p,0.948175085,0.99156263,0.83877117,black
hsa-miR-615-5p,0.948542483,0.843440201,0.618328832,black
hsa-miR-623,0.948689962,0.923230897,0.676718443,black
hsa-miR-576-3p,0.949206321,0.821947694,0.602151187,black
hsa-miR-149*,0.949586129,1.233464741,0.823225504,black
hsa-miR-181d,0.950465462,0.936054918,0.790380282,black
hsa-miR-1224-3p,0.950957995,1.085698806,0.872529805,black
hsa-miR-1302,0.951087374,1.019948302,0.679648218,black
hsa-miR-548f,0.951270494,0.908056315,0.765632992,black
hsa-miR-25,0.951665637,1.018883328,0.853503836,black
hsa-miR-640,0.951952554,1.125277887,0.821989876,black
hsa-miR-144,0.95255381,1.251266465,0.832504762,black
hsa-miR-617,0.953035783,0.878484858,0.64098381,black
hsa-miR-361-3p,0.953071126,1.025909784,0.817767959,black
hsa-miR-548n,0.953187008,1.002541522,0.843599158,black
hsa-miR-24-2*,0.953487182,0.93110553,0.778483578,black
hsa-miR-383,0.95384032,0.964322527,0.768055966,black
hsa-miR-485-3p,0.954252113,0.937078496,0.817789726,black
hsa-miR-510,0.954583887,0.951907458,0.830442254,black
hsa-miR-487b,0.954705506,1.0023026,0.874295491,black
hsa-miR-1302,0.955121657,1.026117875,0.680871255,black
hsa-miR-15b,0.955914031,0.827097843,0.694399117,black
hsa-let-7f-1*,0.956047695,0.927386133,0.741332916,black
hsa-miR-423-5p,0.95632575,1.030029561,0.896959116,black
hsa-miR-146a*,0.956332048,1.258167009,0.833788734,black
hsa-miR-30a*,0.957589013,1.114153461,0.927537054,black
hsa-miR-425*,0.957920112,1.000343609,0.869658446,black
hsa-miR-100,0.958567287,0.858309719,0.684311236,black
hsa-miR-548a-5p,0.959368633,0.977086758,0.816882318,black
hsa-miR-527,0.959391633,1.090668518,0.911819202,black
hsa-miR-431,0.959872071,1.091724175,0.947170974,black
hsa-miR-877,0.960068061,0.953368193,0.851893039,black
hsa-miR-548h,0.960101721,0.917163655,0.766198807,black
hsa-miR-1287,0.960496882,1.129761594,0.733503535,black
hsa-miR-376a,0.960529016,1.183357948,0.935948332,black
hsa-miR-296-3p,0.961779642,1.044679029,0.865909902,black
hsa-miR-657,0.961935001,0.810697642,0.723002195,black
hsa-miR-1251,0.962527857,1.090647381,0.706614292,black
hsa-miR-576-5p,0.962537756,0.953132983,0.688585245,black
hsa-miR-452,0.962584665,1.004558704,0.869090877,black
hsa-miR-33b*,0.962629831,0.983746537,0.776372479,black
hsa-miR-548a-3p,0.9628641,0.94647345,0.788415809,black
hsa-miR-548l,0.962882165,1.018533422,0.84842611,black
hsa-miR-890,0.963036817,0.910939408,0.811471055,black
hsa-miR-132,0.963623494,1.009383287,0.663857963,black
hsa-miR-1302,0.96368791,1.019148839,0.670235833,black
hsa-miR-125b-2*,0.964412951,1.11380461,0.720207005,black
hsa-miR-568,0.964686751,0.882897155,0.734066976,black
hsa-miR-608,0.964759317,0.958720069,0.691026695,black
hsa-miR-1234,0.965434803,1.081916287,0.698846946,black
hsa-miR-377,0.965906414,1.208687188,0.950659736,black
hsa-miR-181b,0.966372172,0.901544229,0.748710166,black
hsa-miR-296-5p,0.967863701,0.851390768,0.701261738,black
hsa-miR-1236,0.968410719,0.998010505,0.642668315,black
hsa-miR-146b-5p,0.969007634,1.188687751,0.777440263,black
hsa-miR-541,0.969222229,0.854651502,0.707257525,black
hsa-miR-129-3p,0.969292131,1.08670056,0.71052873,black
hsa-miR-181a,0.969490219,0.985694566,0.815962197,black
hsa-miR-658,0.969561209,0.899567173,0.795948192,black
hsa-miR-566,0.9699229,0.843001514,0.697112747,black
hsa-miR-154,0.97026434,0.900694854,0.745004197,black
hsa-miR-556-5p,0.970276736,0.829532413,0.685724434,black
hsa-miR-548d-5p,0.970442292,0.865231707,0.71511287,black
hsa-miR-1255b,0.970678237,1.121483739,0.720491816,black
hsa-miR-19b,0.971483391,1.124252663,0.913252515,black
hsa-miR-181a,0.971593969,0.905971944,0.748343596,black
hsa-miR-26b,0.972869518,0.836080313,0.685107639,black
hsa-miR-621,0.973285346,0.924728761,0.660687618,black
hsa-miR-554,0.973685337,0.946643773,0.779793904,black
hsa-miR-1291,0.973968708,1.064156503,0.681352515,black
hsa-miR-1285,0.974099456,1.217999843,0.779749842,black
hsa-miR-596,0.974115206,0.854261019,0.609820829,black
hsa-miR-561,0.974225666,1.005256788,0.827616862,black
hsa-miR-181a-2*,0.974507283,0.927933092,0.764192343,black
hsa-miR-1,0.974541807,0.916741145,0.71891657,black
hsa-miR-125a-3p,0.975399517,1.053536231,0.673563125,black
hsa-miR-569,0.97553428,1.161123326,0.95465774,black
hsa-miR-365,0.975919001,0.885050071,0.68896998,black
hsa-miR-147,0.976220751,1.204857274,0.782193149,black
hsa-miR-342-5p,0.976330711,0.849846789,0.661286899,black
hsa-miR-412,0.97652487,1.014223304,0.789035436,black
hsa-miR-595,0.977381607,0.990331305,0.704593014,black
hsa-miR-148b,0.977741311,1.157890125,0.750533055,black
hsa-miR-502-5p,0.977769982,1.063993441,0.906214609,black
hsa-miR-23b,0.977926808,0.965332638,0.786929901,black
hsa-miR-1254,0.978367846,0.941677412,0.600221221,black
hsa-miR-551b,0.978873942,0.956676424,0.783881088,black
hsa-miR-129*,0.97921833,1.149617437,0.73212489,black
hsa-miR-1271,0.97946973,1.05234085,0.670003041,black
hsa-miR-26a,0.979785866,0.967316941,0.787051286,black
hsa-miR-574-3p,0.980595552,0.860745623,0.704039113,black
hsa-miR-548f,0.980749512,0.932992354,0.763012876,black
hsa-miR-614,0.98076377,0.901335433,0.639063505,black
hsa-miR-185,0.981992215,1.029576503,0.841437156,black
hsa-miR-637,0.982213551,1.080136388,0.764706291,black
hsa-miR-26a,0.982662218,1.143420491,0.927613631,black
hsa-miR-421,0.98289255,0.998517612,0.771784261,black
hsa-miR-1238,0.983166355,1.065049691,0.675544911,black
hsa-miR-17*,0.983219776,1.005261838,0.82053989,black
hsa-miR-581,0.98410186,0.998465964,0.705529536,black
hsa-miR-146a,0.984573874,1.210551453,0.779222322,black
hsa-miR-125b-1*,0.985852739,1.053640382,0.666487063,black
hsa-miR-34c-5p,0.985903706,0.979530021,0.754795815,black
hsa-miR-582-5p,0.986053451,1.000889145,0.70584202,black
hsa-miR-1244,0.986175395,1.006878571,0.636699193,black
hsa-miR-1260,0.987038762,1.108556333,0.700381914,black
hsa-miR-889,0.987709384,1.092006151,0.948467247,black
hsa-miR-124*,0.987779147,0.973106328,0.614344263,black
hsa-miR-183*,0.98813185,0.965638374,0.784279252,black
hsa-miR-493*,0.988160025,1.070681854,0.902322881,black
hsa-miR-409-5p,0.988754692,1.151522921,0.884769741,black
hsa-miR-196a,0.989132297,0.957978234,0.764299527,black
hsa-miR-606,0.989300417,1.018501933,0.715905424,black
hsa-miR-323b-5p,0.991285498,1.028204264,0.863792555,black
hsa-miR-488*,0.991323603,1.19824941,1.006608482,black
hsa-miR-33b,0.991428313,1.031544303,0.790447079,black
hsa-miR-1285,0.991642027,1.197188435,0.752868198,black
hsa-miR-558,0.991652377,0.928811687,0.75124241,black
hsa-miR-146b-3p,0.991905361,1.256631138,0.802904735,black
hsa-miR-302b,0.992308858,1.076928018,0.865177501,black
hsa-miR-15a,0.992458302,0.8771116,0.709273434,black
hsa-miR-27b,0.992694329,1.0267382,0.824535936,black
hsa-miR-26a-2*,0.992726679,1.010652291,0.811591482,black
hsa-miR-10b,0.992807299,0.868842399,0.668818518,black
hsa-miR-19b-1*,0.993227728,1.043743627,0.829291728,black
hsa-miR-1208,0.993514454,1.111738148,0.855185963,black
hsa-miR-302a,0.993767842,1.089114065,0.873682903,black
hsa-miR-548i,0.994048882,0.893531047,0.720964348,black
hsa-miR-1292,0.994254683,1.060054651,0.664878018,black
hsa-miR-1914,0.994650399,0.916268514,0.739304602,black
hsa-miR-508-5p,0.99474095,0.970813017,0.812745181,black
hsa-miR-1270,0.994825167,1.080845345,0.677529418,black
hsa-miR-559,0.994984269,1.175250008,0.947383751,black
hsa-miR-548k,0.995371452,1.061727522,0.855538933,black
hsa-miR-24-1*,0.995466753,1.010591766,0.809309065,black
hsa-miR-1909*,0.995564276,1.081329427,0.871685507,black
hsa-miR-335*,0.995657492,1.029671852,0.785660839,black
hsa-miR-34c-3p,0.995908273,1.04102744,0.794125366,black
hsa-miR-200c,0.997229529,1.053437573,0.833635127,black
hsa-let-7b*,0.997516601,0.953161192,0.7302616,black
hsa-miR-103b,0.997662594,0.977455759,0.748765224,black
hsa-miR-362-3p,0.998656121,0.997678966,0.75896383,black
hsa-miR-1237,0.999900108,1.038716292,0.647816033,black
hsa-miR-1255b,1.000188206,1.151180689,0.717749883,black
hsa-miR-135a,1.000448341,1.249866789,0.791763541,black
hsa-miR-624,1.000727948,0.980071059,0.681025735,black
hsa-miR-708*,1.001008843,1.004115082,0.860541876,black
hsa-miR-196a*,1.001124801,1.090274992,0.859429313,black
hsa-miR-499-3p,1.001203638,0.993405084,0.826290515,black
hsa-miR-103b,1.001673324,0.892250935,0.680758619,black
hsa-miR-598,1.001734764,0.811396436,0.563251475,black
hsa-miR-611,1.001905081,1.016400281,0.705440168,black
hsa-miR-24,1.002099689,0.957356647,0.761602286,black
hsa-miR-1289,1.002156868,1.1607812,0.722313983,black
hsa-miR-345,1.002225552,1.041201684,0.789251875,black
hsa-miR-194*,1.003284298,0.959471074,0.767501051,black
hsa-miR-567,1.004500068,0.879537234,0.702289446,black
hsa-miR-186,1.004895715,0.916188763,0.731703402,black
hsa-miR-512-5p,1.005804162,1.257404794,1.041095315,black
hsa-miR-1282,1.006091882,1.1348027,0.703386582,black
hsa-miR-27a,1.007468047,1.082141322,0.856284552,black
hsa-miR-128,1.008554514,1.148938963,0.7104098,black
hsa-miR-148b*,1.008759814,1.124498192,0.706476025,black
hsa-miR-628-3p,1.008838467,0.97694966,0.673399112,black
hsa-miR-490-5p,1.008881747,1.001485149,0.826671675,black
hsa-miR-493,1.00970934,1.041859505,0.859293631,black
hsa-miR-486-5p,1.009797393,1.101681035,0.908553355,black
hsa-miR-483-5p,1.009818641,1.014760554,0.836852662,black
hsa-miR-128,1.00994377,1.10620093,0.683043226,black
hsa-let-7i*,1.009986615,0.936958428,0.708984839,black
hsa-miR-139-5p,1.010262971,1.244386496,0.780633696,black
hsa-miR-29b,1.011234278,1.283065586,1.011492072,black
hsa-miR-549,1.011305596,1.1248884,0.892152118,black
hsa-miR-107,1.012091924,0.902968201,0.681843559,black
hsa-miR-602,1.012168016,1.091392642,0.749808569,black
hsa-miR-548i,1.012273397,1.116792379,0.884884323,black
hsa-miR-299-3p,1.013362124,0.911129752,0.716771898,black
hsa-miR-124*,1.014068987,1.053829159,0.648058296,black
hsa-miR-1283,1.014271814,1.260396581,0.774933121,black
hsa-miR-124,1.01444954,0.969555225,0.596009889,black
hsa-miR-28-3p,1.01450655,0.95471953,0.750216066,black
hsa-miR-624*,1.01475067,1.375067589,0.942294565,black
hsa-miR-1245,1.015296382,1.039472862,0.638457041,black
hsa-miR-150,1.015311082,0.929535984,0.73474762,black
hsa-miR-570,1.015993583,1.022820809,0.807458988,black
hsa-miR-708,1.016014116,0.930019926,0.78526989,black
hsa-miR-200a,1.016632557,0.877534671,0.68118112,black
hsa-miR-548i,1.017094962,0.991607719,0.781970337,black
hsa-miR-509-5p,1.017378816,1.125897939,0.921605679,black
hsa-miR-502-3p,1.017565415,0.956136826,0.78250391,black
hsa-miR-27b*,1.017658077,0.98340173,0.770361364,black
hsa-miR-10a*,1.017743956,0.844808027,0.634383304,black
hsa-miR-1203,1.01788449,1.094332377,0.821642692,black
hsa-miR-548j,1.018006734,1.019542691,0.803279433,black
hsa-miR-130b*,1.018094139,0.994831603,0.619281455,black
hsa-miR-101*,1.018755728,0.948964887,0.711889069,black
hsa-miR-371-3p,1.018970196,1.023593714,0.763154308,black
hsa-miR-378,1.019163729,1.117148296,0.832747044,black
hsa-miR-511,1.019551503,1.219488427,0.996087116,black
hsa-miR-193b,1.01992435,0.798386783,0.628226839,black
hsa-miR-203,1.020536657,1.033547795,0.799216217,black
hsa-miR-553,1.021161329,1.039238342,0.816267837,black
hsa-miR-126,1.021227284,1.103854902,0.674063708,black
hsa-miR-1231,1.022260446,1.103946615,0.82531314,black
hsa-miR-29a,1.022271293,1.049869928,0.818718756,black
hsa-miR-501-5p,1.022609315,1.068334978,0.870014542,black
hsa-miR-101,1.022850702,0.801372877,0.59876256,black
hsa-miR-19b-2*,1.022904234,1.025509652,0.791165075,black
hsa-miR-1262,1.023096824,1.109039258,0.675991986,black
hsa-miR-33a*,1.023473388,1.064143111,0.789895637,black
hsa-miR-1258,1.023821122,1.132441602,0.689768083,black
hsa-miR-103a,1.025107034,0.855421862,0.637739587,black
hsa-miR-138-2*,1.026166642,1.261606371,0.779170354,black
hsa-miR-199a-5p,1.026698454,0.973868897,0.748548457,black
hsa-miR-126*,1.027056516,1.091798007,0.662917248,black
hsa-miR-200b,1.027155486,1.00071614,0.768841905,black
hsa-miR-194,1.027677994,0.942546211,0.736065907,black
hsa-miR-206,1.028618627,1.048073604,0.804080871,black
hsa-miR-548h,1.028683152,0.978774858,0.76315554,black
hsa-miR-200b*,1.028846058,0.976170464,0.748751313,black
hsa-miR-1284,1.02899306,1.215951237,0.736911064,black
hsa-miR-196b,1.029271494,0.958006923,0.734515618,black
hsa-miR-153,1.029492732,0.926021106,0.721886148,black
hsa-let-7a,1.029647929,0.923487353,0.685447894,black
hsa-miR-1538,1.029815385,0.952728946,0.742473731,black
hsa-miR-509-3p,1.029841698,1.08130956,0.874396436,black
hsa-miR-1243,1.031326173,1.054971353,0.637904978,black
hsa-miR-612,1.031765367,1.094301077,0.737526905,black
hsa-miR-196a,1.032429093,0.829135449,0.633764021,black
hsa-miR-548i,1.032955465,0.959483804,0.745020004,black
hsa-miR-125b,1.03336431,1.162588024,0.701590582,black
hsa-miR-449b*,1.033849036,0.973963829,0.78453895,black
hsa-miR-371-5p,1.03419335,0.937195128,0.688453342,black
hsa-miR-1263,1.034463798,1.073984598,0.647431939,black
hsa-miR-202*,1.034748977,1.043145431,0.79555862,black
hsa-let-7g*,1.034751372,0.86383736,0.638011074,black
hsa-miR-10b*,1.034849167,0.95566316,0.705764866,black
hsa-miR-1179,1.035476704,1.086710303,0.802057856,black
hsa-miR-452*,1.035861862,0.865470238,0.695791474,black
hsa-miR-1537,1.035963049,0.949605525,0.735648028,black
hsa-miR-552,1.036032739,1.182868609,0.915745746,black
hsa-miR-127-5p,1.036162645,1.127515964,0.678587932,black
hsa-miR-1265,1.036195882,1.083611468,0.652143387,black
hsa-miR-372,1.036993585,1.068442879,0.782747106,black
hsa-miR-143,1.037023565,1.283583923,0.784444248,black
hsa-miR-2054,1.037139764,1.028978694,0.782945313,black
hsa-miR-1275,1.037496656,0.995266873,0.598224516,black
hsa-miR-422a,1.037588888,1.037459621,0.759612534,black
hsa-miR-30e,1.037663259,0.986468388,0.757865508,black
hsa-miR-138,1.037889352,1.278079192,0.780428548,black
hsa-miR-26b*,1.04020197,0.991061163,0.759535706,black
hsa-miR-548g,1.041018393,1.075854574,0.828909374,black
hsa-miR-134,1.041163178,1.010025553,0.614808694,black
hsa-miR-635,1.041296319,1.179274085,0.787521482,black
hsa-miR-190b,1.041474793,0.975897726,0.752015255,black
hsa-miR-1207-5p,1.041517939,1.155940693,0.848205419,black
hsa-miR-1202,1.042667486,1.044752826,0.765772857,black
hsa-miR-1280,1.043276748,1.146238861,0.685152054,black
hsa-miR-1286,1.04329518,1.17842919,0.704381036,black
hsa-miR-1228,1.04430922,0.981930944,0.718594814,black
hsa-miR-29c*,1.044709824,1.019359142,0.777851964,black
hsa-miR-548d-3p,1.044839754,1.037101346,0.796128906,black
hsa-miR-1268,1.045405896,1.087231256,0.648557293,black
hsa-miR-181c*,1.045548452,1.024093517,0.786079665,black
hsa-miR-1290,1.04585699,1.114499239,0.664536496,black
hsa-miR-297,1.046256973,0.931606093,0.709838195,black
hsa-miR-200a*,1.046567503,1.012800615,0.76369341,black
hsa-miR-19b,1.047906821,0.85937651,0.647177102,black
hsa-miR-1469,1.049336102,1.264649052,0.763803858,black
hsa-miR-409-3p,1.049346597,1.146832531,0.830285162,black
hsa-miR-629*,1.049641255,1.095474662,0.725743964,black
hsa-miR-20a,1.050091907,1.028595341,0.773000141,black
hsa-miR-302c*,1.050630207,0.958612744,0.727375593,black
hsa-miR-489,1.050838869,1.119868752,0.887482518,black
hsa-miR-589,1.05299686,0.921373426,0.608457983,black
hsa-miR-101,1.053215589,0.955210366,0.693128877,black
hsa-miR-124*,1.05327239,1.080690795,0.639841074,black
hsa-miR-302b*,1.053312234,1.138724625,0.861840688,black
hsa-miR-208b,1.053490299,0.980220794,0.734269861,black
hsa-let-7g,1.054665095,0.783493431,0.567744625,black
hsa-miR-103a-2*,1.055750811,0.947649347,0.685991112,black
hsa-miR-485-5p,1.055959082,0.977708977,0.771065588,black
hsa-miR-20b,1.056047732,0.912974014,0.682240034,black
hsa-miR-1301,1.056348724,1.111739351,0.666994274,black
hsa-miR-361-5p,1.056453552,0.896647784,0.644789124,black
hsa-let-7f,1.057142192,0.877404259,0.634305646,black
hsa-miR-496,1.05716641,1.043776209,0.822229107,black
hsa-miR-28-5p,1.05783021,1.075404479,0.810440777,black
hsa-miR-30a,1.058624088,1.263965242,0.951828641,black
hsa-miR-1228*,1.058645562,1.002605956,0.723788942,black
hsa-miR-1178,1.058806796,0.880933124,0.635855548,black
hsa-let-7b,1.059261632,0.9827114,0.709014305,black
hsa-miR-410,1.060042271,1.04215802,0.746889962,black
hsa-miR-216a,1.060092518,1.173332714,0.873453405,black
hsa-miR-1185,1.060405728,0.989135586,0.712879304,black
hsa-miR-136*,1.061795302,1.22769937,0.73278686,black
hsa-miR-1182,1.062476916,1.012572164,0.728347655,black
hsa-miR-196b*,1.063186199,0.943373463,0.70022346,black
hsa-miR-30b,1.063437712,1.045674817,0.783880753,black
hsa-miR-1912,1.064124022,1.076365078,0.81178021,black
hsa-miR-199a-3p,1.064348714,0.885288197,0.656391678,black
hsa-miR-1913,1.064574038,0.99429846,0.749569668,black
hsa-miR-1289,1.065131502,1.200284771,0.702736369,black
hsa-miR-542-3p,1.065324665,1.057745773,0.79636323,black
hsa-miR-365*,1.066022906,0.971376767,0.692257082,black
hsa-miR-10a,1.066527869,0.955318569,0.684554857,black
hsa-miR-29b-2*,1.066845483,1.087176818,0.812389067,black
hsa-miR-504,1.06767006,1.02642393,0.800605396,black
hsa-miR-1261,1.067739869,1.079516344,0.630485534,black
hsa-miR-557,1.06785923,0.836230316,0.628092757,black
hsa-miR-1273,1.068127974,1.152813697,0.673049805,black
hsa-miR-208a,1.068205831,1.07343161,0.793015668,black
hsa-miR-106b*,1.068830338,1.003063884,0.717219463,black
hsa-miR-575,1.069147495,0.816841787,0.612790758,black
hsa-miR-20a*,1.069438678,1.011908934,0.746702964,black
hsa-miR-24,1.070568954,0.921164846,0.685943145,black
hsa-miR-148a,1.072031092,1.163649417,0.687925193,black
hsa-miR-222,1.072066482,1.202015442,0.884811301,black
hsa-miR-214*,1.072336267,1.031095074,0.758804765,black
hsa-miR-1302,1.073070922,1.074613696,0.634673528,black
hsa-miR-1324,1.073412881,1.116981101,0.65948582,black
hsa-miR-1207-3p,1.0735183,1.061927776,0.755992998,black
hsa-miR-1183,1.074114349,1.044896973,0.743455875,black
hsa-miR-2110,1.074356891,1.004918755,0.738150145,black
hsa-miR-324-3p,1.074550237,1.033237329,0.766546973,black
hsa-miR-495,1.074905661,0.94572063,0.732691783,black
hsa-miR-1277,1.075024571,1.217670213,0.706354401,black
hsa-miR-1246,1.075152828,0.956378908,0.554716586,black
hsa-miR-184,1.07519719,1.026985809,0.766562252,black
hsa-miR-135b*,1.075405672,1.104106541,0.650676466,black
hsa-miR-610,1.07558973,1.368297013,0.884617893,black
hsa-miR-188-3p,1.075884959,0.997164529,0.743827265,black
hsa-miR-204,1.076457696,1.03310641,0.75737405,black
hsa-miR-29b-1*,1.07650966,1.096265335,0.81182638,black
hsa-miR-30c-2*,1.076568087,1.197596325,0.886817719,black
hsa-let-7c,1.077449624,0.910137106,0.645568144,black
hsa-miR-31,1.077476402,0.995085135,0.736237409,black
hsa-miR-205*,1.077516329,0.947366935,0.693835784,black
hsa-let-7i,1.077836375,0.882464588,0.625715186,black
hsa-miR-1909,1.078622762,1.013106558,0.753800904,black
hsa-miR-1226,1.078907932,1.038973946,0.735957128,black
hsa-miR-1205,1.08021316,1.124681332,0.79570533,black
hsa-miR-487a,1.080972044,1.075603605,0.828641338,black
hsa-miR-21*,1.081008535,0.973193677,0.710448313,black
hsa-miR-1269,1.081353034,1.091518604,0.629469952,black
hsa-miR-1278,1.081637962,1.155865106,0.666402467,black
hsa-miR-1298,1.082390984,1.062292878,0.621994498,black
hsa-miR-19a*,1.082880742,1.032031297,0.752098235,black
hsa-miR-1279,1.082902884,1.156118637,0.665770052,black
hsa-miR-302d,1.083840704,1.000319867,0.735764528,black
hsa-miR-19a,1.084335499,1.034682282,0.753018539,black
hsa-miR-212,1.0857372,1.086975566,0.790055126,black
hsa-miR-1180,1.08632644,0.941438867,0.662314127,black
hsa-miR-320c,1.086872955,1.044440048,0.766072977,black
hsa-miR-1226*,1.0871634,1.124267179,0.790327246,black
hsa-miR-1288,1.08952483,1.025277983,0.586834804,black
hsa-miR-1276,1.089962992,1.09536206,0.626696552,black
hsa-miR-629,1.089987724,1.47851821,0.943250531,black
hsa-miR-1184,1.09029057,1.033074225,0.724138295,black
hsa-miR-30b*,1.090709408,1.034629567,0.756207944,black
hsa-miR-320b,1.091651771,1.176731024,0.859327062,black
hsa-miR-1264,1.091886839,1.129325195,0.644989656,black
hsa-miR-221*,1.093069279,1.140827927,0.823634988,black
hsa-miR-484,1.093288703,1.021216366,0.777878403,black
hsa-miR-298,1.093409602,1.062526428,0.774679862,black
hsa-miR-211,1.094334577,1.046343002,0.754546979,black
hsa-miR-616,1.094487779,1.256109434,0.798065521,black
hsa-miR-130a,1.095170662,1.153652459,0.667605083,black
hsa-miR-1299,1.098138463,1.117510443,0.644942395,black
hsa-miR-202,1.098242597,0.995746681,0.715505398,black
hsa-miR-30c,1.099314925,0.965521039,0.700172463,black
hsa-miR-221,1.099780632,1.14965881,0.824945459,black
hsa-let-7f-2*,1.099781859,0.870975103,0.605245311,black
hsa-miR-1972,1.100754234,0.995658754,0.713809763,black
hsa-miR-500a*,1.101404466,1.011923673,0.765120312,black
hsa-miR-129-5p,1.101763305,1.061183476,0.600639015,black
hsa-miR-1267,1.101811385,1.139872809,0.645149703,black
hsa-miR-302f,1.102005319,1.102001227,0.797193588,black
hsa-miR-218-1*,1.102524969,1.063499599,0.76122182,black
hsa-miR-142-3p,1.103249666,1.280479055,0.735571872,black
hsa-miR-503,1.103747805,1.005430462,0.75859678,black
hsa-miR-125b,1.105373578,1.137901183,0.641958323,black
hsa-miR-147b,1.10546614,1.185170936,0.679457015,black
hsa-miR-130a*,1.105629467,1.090999602,0.625376312,black
hsa-miR-2052,1.105777166,1.051686754,0.750552573,black
hsa-miR-1227,1.106101772,1.022474221,0.706463167,black
hsa-miR-506,1.10631179,0.990964871,0.745949672,black
hsa-miR-324-5p,1.10842504,1.117025449,0.803382095,blue
hsa-miR-1229,1.109475061,1.036075935,0.713684536,black
hsa-miR-143*,1.110581251,1.229711211,0.70174485,black
hsa-miR-29a*,1.112652744,0.973992545,0.6978489,black
hsa-miR-29b,1.114066892,1.077939466,0.771344725,black
hsa-miR-224,1.114343497,1.058194285,0.749391324,black
hsa-miR-643,1.115516691,1.120104093,0.698239316,black
hsa-miR-31*,1.116636845,1.014886475,0.72455427,black
hsa-miR-193b*,1.117189098,0.936288971,0.672596072,black
hsa-miR-217,1.117361937,1.138813031,0.804305219,blue
hsa-miR-30d*,1.11789952,1.108190305,0.790272712,black
hsa-miR-30e*,1.119401832,1.082578515,0.770972344,black
hsa-miR-30d,1.12003438,1.119422961,0.796761363,black
hsa-miR-1225-3p,1.120330787,1.147195912,0.782570666,black
hsa-miR-22,1.121743611,1.168972103,0.822380633,blue
hsa-miR-1200,1.122886242,1.096329475,0.746169639,black
hsa-miR-1,1.123243346,1.049854483,0.714311262,black
hsa-miR-135a,1.124132385,1.252272353,0.706004992,black
hsa-miR-494,1.124262728,1.021033349,0.756311881,black
hsa-miR-320a,1.126735316,0.977210828,0.691403817,black
hsa-miR-1973,1.126818956,1.080316924,0.756587858,black
hsa-miR-223,1.126989015,0.992023913,0.694648001,black
hsa-miR-222*,1.127664104,1.468486312,1.02766716,blue
hsa-miR-137,1.127684535,1.277287893,0.717839927,black
hsa-miR-205,1.12775052,0.954450583,0.66788662,black
hsa-miR-2053,1.130212096,1.000262534,0.698419543,black
hsa-miR-2113,1.130924709,1.036933647,0.723568423,black
hsa-miR-135b,1.131359074,1.276176996,0.714886156,black
hsa-miR-509-3-5p,1.131561977,0.962635187,0.708454878,black
hsa-miR-218-2*,1.132329439,1.047528658,0.730054776,black
hsa-miR-148a*,1.132799933,1.138788982,0.637113021,black
hsa-miR-1197,1.132865029,1.039475096,0.701242393,black
hsa-miR-25*,1.133564506,1.098691858,0.772671825,black
hsa-miR-301b,1.136085085,1.144129709,0.8028415,blue
hsa-miR-197,1.136723747,0.959534441,0.666143764,black
hsa-miR-27a*,1.137329134,0.950887838,0.666512866,black
hsa-miR-224*,1.13840373,1.093522002,0.758042487,black
hsa-miR-218,1.138547204,1.0148476,0.703415801,black
hsa-miR-219-1-3p,1.139756059,1.181194405,0.817846507,blue
hsa-miR-636,1.139966284,1.396112026,0.851628622,blue
hsa-miR-216b,1.141898378,1.129247606,0.780412207,black
hsa-miR-20b*,1.143182454,1.03344146,0.713399273,black
hsa-miR-301a,1.143246391,1.0972353,0.765112577,black
hsa-miR-1323,1.143609135,1.124407426,0.623121202,black
hsa-miR-378*,1.145864266,1.087313521,0.720888079,black
hsa-miR-138,1.148772706,1.036893072,0.572039875,black
hsa-miR-199b-5p,1.149761086,1.012408208,0.694880915,black
hsa-miR-23a*,1.150857163,1.168485652,0.801243078,blue
hsa-miR-320d,1.151764065,1.071874685,0.741900902,black
hsa-miR-302d*,1.152261073,1.106522144,0.765551882,black
hsa-miR-603,1.156746064,0.901460064,0.541914097,black
hsa-miR-219-2-3p,1.157583828,1.09237763,0.744702272,black
hsa-miR-215,1.15794462,1.278456341,0.871285415,blue
hsa-miR-210,1.1594016,1.018573371,0.693299288,black
hsa-miR-488,1.162101062,1.020508118,0.731309768,black
hsa-miR-214,1.162232389,0.939888896,0.638183948,black
hsa-miR-30c,1.162551296,1.146246491,0.78601585,black
hsa-miR-219-5p,1.162883378,1.401144307,0.950843486,blue
hsa-miR-1471,1.163122585,1.237992778,0.674557635,black
hsa-miR-32*,1.165832528,1.26089239,0.862198502,blue
hsa-miR-1468,1.167185786,1.354019779,0.735210088,black
hsa-miR-320c,1.167440527,0.938363934,0.640769676,black
hsa-miR-1233,1.168688919,1.064434859,0.696069184,black
hsa-miR-505,1.171921337,1.001339064,0.711559967,black
hsa-miR-328,1.17323113,0.978423628,0.664827175,black
hsa-miR-329,1.173862264,0.987657438,0.670740618,black
hsa-miR-21,1.174353916,1.00397916,0.674664766,black
hsa-miR-195*,1.17443114,0.893790181,0.600579291,black
hsa-miR-509-3p,1.175551595,0.934649232,0.662118568,black
hsa-miR-142-5p,1.177680232,1.349345567,0.726143143,black
hsa-miR-1181,1.179041177,1.030054143,0.667672248,black
hsa-miR-30c-1*,1.180647574,0.967842683,0.653506484,black
hsa-miR-1206,1.188593017,0.969702038,0.623501322,black
hsa-miR-320b,1.193658348,0.964844486,0.644380944,black
hsa-miR-29c,1.194025042,1.030141689,0.68777904,black
hsa-miR-199b-3p,1.194806828,1.037721327,0.685402017,black
hsa-miR-223*,1.196777883,1.200568184,0.791654359,black
hsa-miR-193a-5p,1.200768187,1.015636375,0.678813048,black
hsa-miR-22*,1.201055333,1.178649808,0.774433455,black
hsa-miR-500a,1.202598688,0.981921551,0.679962364,black
hsa-miR-326,1.204157196,1.048915246,0.694420642,black
hsa-miR-302a*,1.205298038,0.95772057,0.633446258,black
hsa-miR-23a,1.205798217,1.072633255,0.702002974,black
hsa-miR-193a-3p,1.206276708,1.030091127,0.685330109,black
hsa-miR-323-3p,1.206864097,1.103360366,0.728826946,black
hsa-miR-302c,1.207542472,1.115383808,0.736355152,black
hsa-miR-32,1.208485919,1.072442705,0.707453524,black
hsa-miR-300,1.21388369,0.891305095,0.585348786,black
hsa-miR-218,1.214678285,1.067474338,0.69351923,black
hsa-miR-219-5p,1.21739287,1.305311158,0.846146629,blue
hsa-miR-320d,1.218232406,1.040778206,0.681072666,black
hsa-miR-509-5p,1.218935415,0.977514895,0.66783857,black
hsa-miR-302e,1.219828588,1.02146633,0.667560541,black
hsa-miR-325,1.240838294,1.028347558,0.660678452,black
hsa-miR-505*,1.250656569,1.046836108,0.697058832,black
