Plate Number,Position,Name,Control Z-score,VCR Z-score
1,A2,ath-miR416,0.110174855,0.319698359
1,B2,cel-miR-243,-0.066076785,-0.06595584
1,G2,hsa-let-7a,-0.525681269,-0.20907803
1,E2,hsa-let-7a,-0.431867334,0.071620348
1,C2,hsa-let-7a,0.27664449,-0.018886593
1,F2,hsa-let-7a-2*,-0.281663875,-0.169332699
1,H2,hsa-let-7a*,-0.49343757,-0.056819225
1,D2,hsa-let-7a*,-0.270521776,-0.504322981
1,A3,hsa-let-7b,0.411088195,0.299955831
1,B3,hsa-let-7b*,0.230489717,0.152859337
1,C3,hsa-let-7c,0.50860917,-0.097120093
1,D3,hsa-let-7d,-0.346950031,-0.551140299
1,E3,hsa-let-7d*,-0.263941371,-0.012356273
1,F3,hsa-let-7e,-0.255807516,-0.239763658
1,G3,hsa-let-7e*,-0.631684379,-0.056594045
1,H3,hsa-let-7f,-0.489601541,0.054778043
1,B4,hsa-let-7f,0.412934827,-0.258318725
1,A4,hsa-let-7f-1*,0.050469511,0.012585629
1,C4,hsa-let-7f-2*,0.650744868,-0.295153307
1,D4,hsa-let-7g,0.075417472,-0.406980682
1,E4,hsa-let-7g*,0.351966593,-0.340402185
1,F4,hsa-let-7i,0.477567821,-0.241253195
1,G4,hsa-let-7i*,0.146730711,0.054205105
1,G7,hsa-miR-1,0.044247573,0.18176349
1,B9,hsa-miR-1,0.746533869,0.673607596
1,H4,hsa-miR-100,-0.203112481,-0.193737517
1,A5,hsa-miR-100*,-0.196089103,0.037227559
1,C5,hsa-miR-101,0.60781486,0.149686967
1,D5,hsa-miR-101,0.127271289,-0.461256036
1,B5,hsa-miR-101*,0.333673755,0.12268035
1,H5,hsa-miR-103a,-0.201470956,0.111125326
1,E5,hsa-miR-103a,0.263389848,-0.260492111
1,G5,hsa-miR-103a-2*,0.252337035,0.122860125
1,A6,hsa-miR-103b,0.426827833,0.288357782
1,F5,hsa-miR-103b,0.063908699,-0.007688039
1,D6,hsa-miR-105,-0.495803871,0.086637496
1,B6,hsa-miR-105,-0.217805036,-0.047821493
1,E6,hsa-miR-105*,-0.133994029,0.459234014
1,C6,hsa-miR-105*,-0.020406501,0.150912154
1,F6,hsa-miR-106a,0.063566736,0.557991623
1,G6,hsa-miR-106a*,-0.476416628,0.344234188
1,H6,hsa-miR-106b,-0.486664163,0.407361861
1,A7,hsa-miR-106b*,0.726023972,0.423481272
1,B7,hsa-miR-107,0.132307694,-0.124142428
1,C7,hsa-miR-10a,0.587753109,0.164276664
1,D7,hsa-miR-10a*,0.319781761,-0.191476293
1,E7,hsa-miR-10b,0.294888047,0.197648265
1,F7,hsa-miR-10b*,0.327096093,0.165041589
1,H7,hsa-miR-1178,0.505447888,0.108511981
1,A8,hsa-miR-1179,0.391873337,0.635344758
1,B8,hsa-miR-1180,0.479887337,-0.31701115
1,C8,hsa-miR-1181,1.053074077,0.676864635
1,D8,hsa-miR-1182,0.466333537,0.819706819
1,E8,hsa-miR-1183,0.467140822,0.821458125
1,F8,hsa-miR-1184,0.82028712,0.808891679
1,G8,hsa-miR-1185,-0.118273293,0.754175006
1,H8,hsa-miR-1185,0.422723262,0.557659154
1,A9,hsa-miR-1197,1.049176558,0.638944833
1,C9,hsa-miR-1200,0.788894394,0.926825709
1,D9,hsa-miR-1202,0.230590582,0.634709333
1,E9,hsa-miR-1203,0.247097491,0.9144945
1,F9,hsa-miR-1204,-0.080706506,0.828491439
1,G9,hsa-miR-1205,0.504485549,1.080597462
1,H9,hsa-miR-1206,0.887524791,0.50924993
1,B10,hsa-miR-1207-3p,0.571981139,0.746810922
1,A10,hsa-miR-1207-5p,0.656246595,1.270624795
1,C10,hsa-miR-1208,0.320691328,1.013732302
1,D10,hsa-miR-122*,-0.255746827,0.825916472
1,F10,hsa-miR-1224-3p,0.034201479,0.870748996
1,E10,hsa-miR-1224-5p,-0.514074241,0.538832158
1,H10,hsa-miR-1225-3p,0.574619517,0.83726788
1,G10,hsa-miR-1225-5p,-0.314538115,1.27405218
1,B11,hsa-miR-1226,0.465135123,0.618409843
1,A11,hsa-miR-1226*,0.73072792,1.09106992
1,C11,hsa-miR-1227,0.651634913,0.518507351
1,E11,hsa-miR-1228,0.760531507,0.291234848
1,D11,hsa-miR-1228*,0.2815112,0.417252039
1,F11,hsa-miR-1229,0.897161939,0.592253702
1,G11,hsa-miR-1231,0.537997637,0.627733359
1,H11,hsa-miR-1233,1.003464802,0.040278646
2,A2,ath-miR416,0.139939738,0.138392461
2,B2,cel-miR-243,-0.095841668,0.570485525
2,C2,hsa-miR-1234,-0.265005644,0.734262792
2,D2,hsa-miR-1236,-0.239790582,0.296356889
2,E2,hsa-miR-1237,-0.054546429,0.514720849
2,F2,hsa-miR-1238,-0.156206127,0.650106699
2,B3,hsa-miR-124,-0.479317438,0.551135217
2,H2,hsa-miR-124,-0.409685589,0.230369102
2,E3,hsa-miR-124,0.055921989,0.201231971
2,D3,hsa-miR-124*,0.046687378,0.605388027
2,A3,hsa-miR-124*,-0.444946844,0.761473812
2,G2,hsa-miR-124*,-0.133074957,0.147149874
2,C3,hsa-miR-1243,0.140053393,0.5872552
2,F3,hsa-miR-1244,-0.119347224,0.354302044
2,G3,hsa-miR-1245,0.059450193,0.502174617
2,H3,hsa-miR-1246,0.406728376,0.031056804
2,A4,hsa-miR-1247,-0.59690345,0.718320787
2,B4,hsa-miR-1248,-0.612186158,0.17671013
2,C4,hsa-miR-1249,-0.370949384,0.75981157
2,D4,hsa-miR-1250,-0.397989117,-0.543702686
2,E4,hsa-miR-1251,-0.234924851,0.829767426
2,F4,hsa-miR-1252,-0.541772759,0.203151409
2,G4,hsa-miR-1253,-0.384655604,0.235005455
2,H4,hsa-miR-1254,-0.150534022,-0.019378375
2,A5,hsa-miR-1255a,-0.621242403,0.653509917
2,B5,hsa-miR-1255b,-0.213501482,0.968370478
2,C5,hsa-miR-1255b,-0.046453131,1.13598169
2,D5,hsa-miR-1256,-0.928349792,0.79165384
2,E5,hsa-miR-1257,-0.800527712,0.802731198
2,F5,hsa-miR-1258,0.11088927,1.001821145
2,H5,hsa-miR-125a-3p,-0.163847704,0.576657894
2,G5,hsa-miR-125a-5p,-0.672142438,0.802421513
2,A6,hsa-miR-125b,0.150150568,1.207170858
2,C6,hsa-miR-125b,0.592197824,1.049314473
2,B6,hsa-miR-125b-1*,-0.108493442,0.59815246
2,D6,hsa-miR-125b-2*,-0.224469578,0.949780752
2,F6,hsa-miR-126,0.111071666,0.872110442
2,E6,hsa-miR-126*,0.140954642,0.808340355
2,G6,hsa-miR-1260,-0.084538385,0.929952007
2,H6,hsa-miR-1261,0.376199765,0.739349871
2,A7,hsa-miR-1262,0.118288327,1.114538453
2,B7,hsa-miR-1263,0.188977934,0.856864565
2,C7,hsa-miR-1264,0.517462089,1.376033319
2,D7,hsa-miR-1265,0.1940993,1.061958901
2,E7,hsa-miR-1266,-1.239618758,-1.383264172
2,F7,hsa-miR-1267,0.575258712,1.224499192
2,G7,hsa-miR-1268,0.267822732,1.047451435
2,H7,hsa-miR-1269,0.449298536,0.872683352
2,B8,hsa-miR-127-3p,-0.34231749,1.269325522
2,A8,hsa-miR-127-5p,0.203263222,1.049999429
2,C8,hsa-miR-1270,-0.033738933,1.285526235
2,D8,hsa-miR-1271,-0.123449083,1.021410792
2,E8,hsa-miR-1272,-0.85319536,0.765082032
2,F8,hsa-miR-1273,0.394373817,1.537773738
2,G8,hsa-miR-1275,0.207537533,0.812999039
2,H8,hsa-miR-1276,0.500107962,0.79666387
2,A9,hsa-miR-1277,0.435994294,1.50387549
2,B9,hsa-miR-1278,0.480882302,1.180926601
2,C9,hsa-miR-1279,0.480730951,1.165154487
2,F9,hsa-miR-128,0.03318162,1.113337233
2,H9,hsa-miR-128,0.048260908,0.869838565
2,D9,hsa-miR-1280,0.254530033,1.12958076
2,E9,hsa-miR-1281,-0.453008017,1.047585063
2,G9,hsa-miR-1282,0.02523574,1.051408961
2,A10,hsa-miR-1283,0.04531203,1.722044731
2,B10,hsa-miR-1283,-0.372643679,1.220570293
2,C10,hsa-miR-1284,0.16755001,1.492810809
2,E10,hsa-miR-1285,-0.149927851,1.51121151
2,D10,hsa-miR-1285,-0.040964908,1.391030527
2,F10,hsa-miR-1286,0.255403315,1.271842036
2,G10,hsa-miR-1287,-0.234267761,1.01383907
2,H10,hsa-miR-1288,0.528611543,0.436371371
2,B11,hsa-miR-1289,-0.031342401,1.180866995
2,A11,hsa-miR-1289,0.351935969,1.378529393
2,E11,hsa-miR-129-5p,-0.359449149,0.723190326
2,H11,hsa-miR-129-5p,0.58603245,0.634433428
2,F11,hsa-miR-129*,-0.160726249,1.128872265
2,C11,hsa-miR-1290,0.222985653,0.963196341
2,D11,hsa-miR-1291,-0.182537622,0.683205798
2,G11,hsa-miR-1292,-0.046784221,0.642006059
3,A2,ath-miR416,0.124666459,0.567087157
3,B2,cel-miR-243,-0.080568389,-0.313344638
3,C2,hsa-miR-129-3p,-0.014317422,0.223107067
3,D2,hsa-miR-1293,-0.676068629,0.165332028
3,E2,hsa-miR-1294,-0.58441117,0.293966486
3,F2,hsa-miR-1295,-0.699192501,-0.543061605
3,G2,hsa-miR-1296,-1.062069035,0.12966782
3,H2,hsa-miR-1297,-0.627846318,0.300400806
3,A3,hsa-miR-1298,0.721114962,0.104073393
3,B3,hsa-miR-1299,0.804829967,0.399856867
3,C3,hsa-miR-1301,0.573901562,0.346233778
3,D3,hsa-miR-1302,-0.489179946,0.278527968
3,H3,hsa-miR-1302,-0.391505925,0.240287443
3,G3,hsa-miR-1302,-0.381749772,0.158962126
3,C4,hsa-miR-1302,-0.168329953,-0.075213095
3,E3,hsa-miR-1302,-0.139325895,-0.092283257
3,B4,hsa-miR-1302,-0.121381492,-0.103162222
3,F3,hsa-miR-1302,-0.08151146,-0.121154196
3,A4,hsa-miR-1302,0.682147893,0.163524039
3,D4,hsa-miR-1303,-1.1810516,-0.022907852
3,E4,hsa-miR-1304,-0.84915427,-0.083561378
3,F4,hsa-miR-1305,-0.591202025,0.19914897
3,G4,hsa-miR-1306,-0.892380694,0.41560914
3,H4,hsa-miR-1307,-0.511862953,0.090928244
3,B5,hsa-miR-130a,0.808194208,0.601217261
3,A5,hsa-miR-130a*,0.891677721,0.270562214
3,D5,hsa-miR-130b,-0.617409089,-0.183904877
3,C5,hsa-miR-130b*,0.276135176,-0.173716401
3,F5,hsa-miR-132,-0.077860471,-0.151475224
3,E5,hsa-miR-132*,-0.48280931,-0.364539563
3,G5,hsa-miR-1321,-0.311527881,0.261165219
3,H5,hsa-miR-1322,-0.502194056,0.459771563
3,A6,hsa-miR-1323,1.086820502,0.425923613
3,B6,hsa-miR-1324,0.694775019,0.432006082
3,D6,hsa-miR-133a,-0.228863651,0.473613014
3,C6,hsa-miR-133a,-0.325829413,-0.114180266
3,E6,hsa-miR-133b,-0.50230845,0.074579972
3,F6,hsa-miR-134,0.464586196,-0.141512277
3,G6,hsa-miR-135a,0.152029361,1.090252091
3,A7,hsa-miR-135a,0.99825838,1.085252901
3,H6,hsa-miR-135a*,-0.778947905,0.062203251
3,B7,hsa-miR-135b,1.034375982,1.238922468
3,C7,hsa-miR-135b*,0.631194478,0.350966445
3,D7,hsa-miR-136,-0.248336533,1.012236371
3,E7,hsa-miR-136*,0.504507059,0.979270639
3,F7,hsa-miR-137,0.962078407,1.218817593
3,G7,hsa-miR-138,0.398923121,1.190675389
3,A8,hsa-miR-138,1.104237684,-0.034175219
3,H7,hsa-miR-138-1*,-0.191184461,1.089440587
3,B8,hsa-miR-138-2*,0.34796411,1.158109673
3,D8,hsa-miR-139-3p,-0.207597262,0.952651374
3,C8,hsa-miR-139-5p,0.285981973,1.052780139
3,F8,hsa-miR-140-3p,-0.154043254,0.678985429
3,E8,hsa-miR-140-5p,-0.614100734,0.866819223
3,H8,hsa-miR-141,-0.53695484,0.949842711
3,G8,hsa-miR-141*,-0.714959313,0.912324721
3,B9,hsa-miR-142-3p,0.842106727,1.274924438
3,A9,hsa-miR-142-5p,1.331740315,1.622965591
3,D9,hsa-miR-143,0.452594141,1.297105081
3,C9,hsa-miR-143*,0.881182371,1.010760439
3,F9,hsa-miR-144,-0.09159949,1.078864307
3,E9,hsa-miR-144*,-0.165223544,1.131150313
3,G9,hsa-miR-145,-0.344368926,0.780891473
3,H9,hsa-miR-145*,-0.602251501,1.29773188
3,A10,hsa-miR-1468,1.223277987,1.663234466
3,B10,hsa-miR-1469,0.505568202,1.207231818
3,C10,hsa-miR-146a,0.095840088,0.910801302
3,D10,hsa-miR-146a*,-0.051490935,1.141495922
3,F10,hsa-miR-146b-3p,0.143666534,1.129555295
3,E10,hsa-miR-146b-5p,0.024912962,0.74410456
3,G10,hsa-miR-147,0.05458557,0.856417599
3,H10,hsa-miR-1470,-0.158004971,0.839338678
3,A11,hsa-miR-1471,1.202865922,1.058217657
3,B11,hsa-miR-147b,0.866604984,0.780903372
3,D11,hsa-miR-148a,0.629722429,0.642303739
3,C11,hsa-miR-148a*,0.996592268,0.520040496
3,F11,hsa-miR-148b,0.044884282,0.6147323
3,E11,hsa-miR-148b*,0.239095468,0.453495334
3,G11,hsa-miR-149,-0.199540223,0.680443395
3,H11,hsa-miR-149*,-0.150174814,1.000218314
4,A2,ath-miR416,0.191636723,0.336414623
4,B2,cel-miR-243,-0.147538653,-0.082672104
4,C2,hsa-miR-150,-0.092941996,-0.395900363
4,D2,hsa-miR-150*,-1.220781532,-1.024597283
4,F2,hsa-miR-151-3p,-0.682548764,-0.847835518
4,E2,hsa-miR-151-5p,-0.979015083,-0.435117477
4,G2,hsa-miR-152,-1.139889775,-1.207408374
4,H2,hsa-miR-153,-1.047184925,-0.695565061
4,A3,hsa-miR-153,0.025008756,-0.43157644
4,B3,hsa-miR-1537,0.060954553,-0.325443871
4,C3,hsa-miR-1538,0.038084171,-0.287099587
4,D3,hsa-miR-1539,-0.641236049,-0.661472906
4,E3,hsa-miR-154,-0.331614046,-0.581086236
4,F3,hsa-miR-154*,-0.623442323,-1.126695906
4,G3,hsa-miR-155,-0.416025625,-0.641427958
4,H3,hsa-miR-155*,-0.947116147,-0.686967624
4,A4,hsa-miR-15a,-0.182012157,-0.673442852
4,B4,hsa-miR-15a*,-1.003479983,-0.319204119
4,C4,hsa-miR-15b,-0.35528657,-0.927010475
4,D4,hsa-miR-15b*,-1.57325789,-1.06287797
4,E4,hsa-miR-16,-1.231251516,-0.853047883
4,G4,hsa-miR-16,-0.89527547,-0.815358151
4,F4,hsa-miR-16-1*,-1.016784154,-1.164669399
4,H4,hsa-miR-16-2*,-0.424665424,-0.629569402
4,A5,hsa-miR-17,-0.513788799,-0.724427555
4,B5,hsa-miR-17*,-0.245667655,-0.036704065
4,C5,hsa-miR-181a,-0.282298988,-0.134242712
4,E5,hsa-miR-181a,-0.306408849,-0.548281696
4,F5,hsa-miR-181a-2*,-0.292405002,-0.446990337
4,D5,hsa-miR-181a*,-0.560114153,-0.79577932
4,H5,hsa-miR-181b,-0.315665591,-0.564286722
4,G5,hsa-miR-181b,-0.543114837,-1.090170223
4,A6,hsa-miR-181c,-0.522446593,-0.113293494
4,B6,hsa-miR-181c*,0.097757799,0.059435331
4,C6,hsa-miR-181d,-0.448965629,-0.376280258
4,D6,hsa-miR-182,-0.765274309,-0.693505274
4,E6,hsa-miR-182*,-1.081466706,-0.497704543
4,F6,hsa-miR-1825,-0.909033633,-0.200278122
4,G6,hsa-miR-1827,-0.824244547,0.033433273
4,H6,hsa-miR-183,-0.917024165,-0.327139598
4,A7,hsa-miR-183*,-0.16962341,-0.241272376
4,B7,hsa-miR-184,0.331805997,0.081469703
4,C7,hsa-miR-185,-0.219513704,0.104665668
4,D7,hsa-miR-185*,-0.438162667,-0.247221933
4,E7,hsa-miR-186,-0.075384338,-0.462196944
4,F7,hsa-miR-186*,-0.685777118,-0.056565087
4,H7,hsa-miR-187,-0.841747012,-0.134375708
4,G7,hsa-miR-187*,-0.795480795,-0.043912089
4,B8,hsa-miR-188-3p,0.309155615,-0.060920454
4,A8,hsa-miR-188-5p,-0.480942366,0.211755768
4,C8,hsa-miR-18a,-0.949872533,-0.071900469
4,D8,hsa-miR-18a*,-0.713436509,0.033926646
4,E8,hsa-miR-18b,-0.868759163,-0.066312299
4,F8,hsa-miR-18b*,-1.150945064,0.060336625
4,G8,hsa-miR-190,-0.767753344,-0.26477439
4,H8,hsa-miR-1908,-0.71707832,0.085033491
4,B9,hsa-miR-1909,0.34069347,0.015589606
4,A9,hsa-miR-1909*,-0.174833057,0.365992853
4,C9,hsa-miR-190b,0.155487962,-0.178193978
4,D9,hsa-miR-191,-0.731661701,-0.296285227
4,E9,hsa-miR-191*,-0.64054499,-0.126073631
4,F9,hsa-miR-1910,-1.263702273,-0.482083531
4,G9,hsa-miR-1911,-0.814151877,-0.372854384
4,H9,hsa-miR-1911*,-1.086321,-0.448126303
4,A10,hsa-miR-1912,0.273264298,0.336677439
4,B10,hsa-miR-1913,0.239737931,-0.070301969
4,C10,hsa-miR-1914,-0.152164024,-0.486545684
4,D10,hsa-miR-1914*,-0.743226673,-0.452538925
4,F10,hsa-miR-1915,-1.485525222,-0.57125966
4,E10,hsa-miR-1915*,-1.052304122,-0.226008058
4,G10,hsa-miR-192,-1.137943268,-0.375870494
4,H10,hsa-miR-192*,-0.535818623,-0.666560946
4,B11,hsa-miR-193a-3p,1.059719108,0.102883698
4,A11,hsa-miR-193a-5p,1.05210989,0.049644051
4,D11,hsa-miR-193b,-0.002407774,-1.077164918
4,C11,hsa-miR-193b*,0.554798969,-0.36451952
4,F11,hsa-miR-194,-0.845791198,-0.19749442
4,E11,hsa-miR-194,0.057787281,-0.334252313
4,G11,hsa-miR-194*,-0.066670286,-0.259596653
4,H11,hsa-miR-195,-0.561517653,-0.518346874
5,A2,ath-miR416,0.113964882,0.147362159
5,B2,cel-miR-243,-0.069866812,0.10638036
5,C2,hsa-miR-195*,0.465976165,-0.737648266
5,E2,hsa-miR-196a,-0.467800738,-0.400482833
5,D2,hsa-miR-196a,-0.230562785,-1.030047801
5,F2,hsa-miR-196a*,-0.423661211,0.270104066
5,G2,hsa-miR-196b,-0.274324244,-0.402061964
5,H2,hsa-miR-196b*,-0.057158852,-0.476626043
5,A3,hsa-miR-197,0.212124726,-0.361520891
5,B3,hsa-miR-1972,0.017812909,-0.181462839
5,C3,hsa-miR-1973,0.159512402,0.177307402
5,D3,hsa-miR-1976,-1.11660487,-1.43598669
5,E3,hsa-miR-198,-1.194264077,-0.738568552
5,G3,hsa-miR-199a-3p,-1.190151545,-0.568526713
5,A4,hsa-miR-199a-3p,-0.063427751,-0.780227694
5,F3,hsa-miR-199a-5p,-1.192582395,-0.40451235
5,H3,hsa-miR-199a-5p,-0.223468268,-0.30120149
5,C4,hsa-miR-199b-3p,0.663617113,-0.002822628
5,B4,hsa-miR-199b-5p,0.422325785,-0.117865188
5,E4,hsa-miR-19a,0.055841275,0.018149272
5,D4,hsa-miR-19a*,0.003420083,-0.005348574
5,G4,hsa-miR-19b,-0.629600132,0.467318963
5,A5,hsa-miR-19b,-0.154364894,-0.918692167
5,F4,hsa-miR-19b-1*,-0.594417668,0.08061492
5,H4,hsa-miR-19b-2*,-0.308674839,-0.032732885
5,C5,hsa-miR-200a,-0.403323859,-0.481088364
5,B5,hsa-miR-200a*,-0.199592903,-0.091083405
5,E5,hsa-miR-200b,-0.236913282,-0.170983123
5,D5,hsa-miR-200b*,-0.296879088,-0.300328779
5,G5,hsa-miR-200c,-0.517387145,0.082543679
5,F5,hsa-miR-200c*,-1.092730681,0.25610274
5,A6,hsa-miR-202,0.016043341,-0.230283019
5,H5,hsa-miR-202*,-0.288879227,0.032219254
5,B6,hsa-miR-203,-0.268248928,-0.009683678
5,C6,hsa-miR-204,0.016515561,0.003884621
5,D6,hsa-miR-205,0.288391202,-0.378217381
5,E6,hsa-miR-205*,0.02521871,-0.427816573
5,F6,hsa-miR-2052,0.125035417,0.072085254
5,G6,hsa-miR-2053,0.282170089,-0.156233274
5,H6,hsa-miR-2054,-0.24880933,0.000464118
5,A7,hsa-miR-206,-0.196041702,0.052904722
5,B7,hsa-miR-208a,0.009215814,0.167961571
5,C7,hsa-miR-208b,-0.072225981,-0.282206165
5,D7,hsa-miR-20a,-0.080346643,-0.059086074
5,E7,hsa-miR-20a*,0.010150089,-0.125238794
5,F7,hsa-miR-20b,-0.080505257,-0.605260361
5,G7,hsa-miR-20b*,0.353387298,-0.052759299
5,H7,hsa-miR-21,0.515039737,-0.191310443
5,A8,hsa-miR-21*,0.008239927,-0.327912013
5,B8,hsa-miR-210,0.466172793,-0.113572145
5,C8,hsa-miR-211,0.064480367,0.0254271
5,D8,hsa-miR-2110,-0.043518586,-0.152145566
5,E8,hsa-miR-2113,0.335775546,-0.011215541
5,F8,hsa-miR-212,0.057790914,0.203303093
5,H8,hsa-miR-214,0.472906755,-0.483930224
5,G8,hsa-miR-214*,-0.00928051,-0.05782346
5,A9,hsa-miR-215,0.456490705,1.132627966
5,B9,hsa-miR-216a,-0.109903508,0.635962989
5,C9,hsa-miR-216b,0.360975548,0.427733464
5,D9,hsa-miR-217,0.222238127,0.462641109
5,E9,hsa-miR-218,0.349662106,-0.145188998
5,G9,hsa-miR-218,0.76839865,0.142654606
5,F9,hsa-miR-218-1*,0.149856129,0.10120715
5,H9,hsa-miR-218-2*,0.307657429,0.067254169
5,B10,hsa-miR-219-1-3p,0.289774293,0.690737438
5,D10,hsa-miR-219-2-3p,0.455381253,0.258921168
5,A10,hsa-miR-219-5p,0.420170874,1.82312287
5,C10,hsa-miR-219-5p,0.789472274,0.933305545
5,F10,hsa-miR-22,0.27116674,0.652761549
5,E10,hsa-miR-22*,0.753299822,0.682690012
5,H10,hsa-miR-221,0.090902811,0.543316374
5,G10,hsa-miR-221*,0.018765127,0.481250702
5,B11,hsa-miR-222,-0.031418657,0.842986463
5,A11,hsa-miR-222*,0.285100138,1.674404532
5,D11,hsa-miR-223,0.235449276,-0.231146569
5,C11,hsa-miR-223*,0.665106392,0.821874275
5,E11,hsa-miR-224,0.192936805,0.109884143
5,F11,hsa-miR-224*,0.279024324,0.258864757
5,H11,hsa-miR-23a,0.688720936,0.197052675
5,G11,hsa-miR-23a*,0.356206424,0.662871846
6,A2,ath-miR416,0.105744255,-0.241814486
6,B2,cel-miR-243,-0.061646185,0.495557005
6,D2,hsa-miR-23b,-0.095269765,-0.146007568
6,C2,hsa-miR-23b*,-0.910104112,0.450901697
6,H2,hsa-miR-24,0.066766785,-0.204625499
6,F2,hsa-miR-24,0.392376379,-0.340895874
6,E2,hsa-miR-24-1*,0.105497442,0.106990133
6,G2,hsa-miR-24-2*,-0.194582967,-0.286297646
6,B3,hsa-miR-25,-0.310334178,0.171359874
6,A3,hsa-miR-25*,0.847381381,0.616099509
6,C3,hsa-miR-26a,-0.094521863,0.868549125
6,E3,hsa-miR-26a,-0.101525347,-0.081008823
6,D3,hsa-miR-26a-1*,-0.714161354,0.898409271
6,F3,hsa-miR-26a-2*,-0.045387053,0.116467949
6,G3,hsa-miR-26b,-0.097413553,-0.766223996
6,H3,hsa-miR-26b*,0.333448302,0.04069248
6,B4,hsa-miR-27a,0.070720635,0.484320552
6,A4,hsa-miR-27a*,0.860018504,-0.150399383
6,D4,hsa-miR-27b,0.075530052,0.212579821
6,C4,hsa-miR-27b*,0.152425169,-0.017196349
6,F4,hsa-miR-28-3p,0.081517855,-0.171965998
6,E4,hsa-miR-28-5p,0.399168178,0.469258827
6,H4,hsa-miR-296-3p,-0.158808468,0.257383525
6,G4,hsa-miR-296-5p,-0.120520346,-0.713757121
6,A5,hsa-miR-297,0.347586758,-0.251825793
6,B5,hsa-miR-298,0.644188553,0.400154356
6,D5,hsa-miR-299-3p,0.19108651,-0.417606979
6,C5,hsa-miR-299-5p,-0.600653991,0.425104836
6,F5,hsa-miR-29a,0.116711442,0.323505263
6,E5,hsa-miR-29a*,0.705697755,-0.087237543
6,B6,hsa-miR-29b,0.078514027,1.574309814
6,H5,hsa-miR-29b,0.670750126,0.521178913
6,G5,hsa-miR-29b-1*,0.464995098,0.574248939
6,A6,hsa-miR-29b-2*,0.414022551,0.505084141
6,D6,hsa-miR-29c,1.237443668,0.197444092
6,C6,hsa-miR-29c*,0.255221005,0.171826352
6,E6,hsa-miR-300,1.31459995,-0.485958929
6,F6,hsa-miR-301a,0.845068391,0.566865236
6,G6,hsa-miR-301b,0.815731898,0.803555114
6,A7,hsa-miR-302a,0.035647581,0.531031808
6,H6,hsa-miR-302a*,1.270582822,-0.166295216
6,C7,hsa-miR-302b,0.018303917,0.46101885
6,B7,hsa-miR-302b*,0.418863797,0.818329892
6,E7,hsa-miR-302c,1.304594103,0.674452267
6,D7,hsa-miR-302c*,0.347312203,-0.150620311
6,G7,hsa-miR-302d,0.513966107,0.105361362
6,F7,hsa-miR-302d*,0.969502571,0.616537018
6,H7,hsa-miR-302e,1.336968778,0.187290596
6,A8,hsa-miR-302f,0.668359008,0.616794086
6,B8,hsa-miR-30a,0.448799429,1.499937483
6,C8,hsa-miR-30a*,-0.200157914,0.682288961
6,D8,hsa-miR-30b,0.502421354,0.278255069
6,E8,hsa-miR-30b*,0.626399679,0.231511544
6,H8,hsa-miR-30c,1.01255241,0.813800841
6,F8,hsa-miR-30c,0.595253391,-0.0972075
6,G8,hsa-miR-30c-1*,1.11980927,-0.081951428
6,A9,hsa-miR-30c-2*,0.532333808,1.115097937
6,B9,hsa-miR-30d,0.81626028,0.716810256
6,C9,hsa-miR-30d*,0.749332348,0.630856545
6,D9,hsa-miR-30e,0.293192129,0.007290095
6,E9,hsa-miR-30e*,0.773621752,0.493326629
6,F9,hsa-miR-31,0.507472246,0.072314332
6,G9,hsa-miR-31*,0.679090521,0.167478804
6,H9,hsa-miR-32,1.259308521,0.436032286
6,A10,hsa-miR-32*,1.099618833,1.448718567
6,B10,hsa-miR-320a,0.795985795,-0.037003326
6,C10,hsa-miR-320b,0.596617459,1.026163216
6,D10,hsa-miR-320b,1.269518699,-0.112197618
6,E10,hsa-miR-320c,0.594018588,0.291963257
6,F10,hsa-miR-320c,0.99133851,-0.232594922
6,G10,hsa-miR-320d,0.918160303,0.462852416
6,H10,hsa-miR-320d,1.32958863,0.270224391
6,B11,hsa-miR-323-3p,1.290884023,0.615666807
6,A11,hsa-miR-323-5p,2.030234346,1.695614909
6,D11,hsa-miR-324-3p,0.499909486,0.252444457
6,C11,hsa-miR-324-5p,0.706765901,0.67876974
6,E11,hsa-miR-325,1.50941187,0.208728391
6,F11,hsa-miR-326,1.230200803,0.328799921
6,G11,hsa-miR-328,1.048137782,-0.04215919
6,H11,hsa-miR-329,1.064492034,-0.02107774
7,A2,ath-miR416,0.043323269,0.560370927
7,B2,cel-miR-243,0.000774801,-0.306628408
7,C2,hsa-miR-329,-0.478374175,-0.253074071
7,E2,hsa-miR-330-3p,-0.919943988,-0.694131106
7,D2,hsa-miR-330-5p,-1.156730388,-0.534884243
7,G2,hsa-miR-331-3p,-0.811038026,-1.691425696
7,F2,hsa-miR-331-5p,-0.789375196,-0.322450556
7,H2,hsa-miR-335,-0.478105523,-0.428827051
7,A3,hsa-miR-335*,0.083193366,0.118664228
7,C3,hsa-miR-337-3p,-0.523719631,0.338413833
7,B3,hsa-miR-337-5p,-0.192407548,0.488483159
7,E3,hsa-miR-338-3p,-0.949409886,-0.889221579
7,D3,hsa-miR-338-5p,-0.894337629,-0.201994089
7,G3,hsa-miR-339-3p,-0.472237288,-0.596317325
7,F3,hsa-miR-339-5p,-0.235835854,-0.221630757
7,H3,hsa-miR-33a,-0.275198263,-0.537104749
7,A4,hsa-miR-33a*,-0.203742849,0.221844556
7,B4,hsa-miR-33b,-0.034373173,0.138304727
7,C4,hsa-miR-33b*,-0.203864226,-0.091384723
7,D4,hsa-miR-340,-0.577193295,-0.259152439
7,E4,hsa-miR-340*,-0.535124614,0.405786353
7,G4,hsa-miR-342-3p,-0.554867398,-0.279455374
7,F4,hsa-miR-342-5p,-0.105450662,-0.763845528
7,H4,hsa-miR-345,-0.134573672,0.350623533
7,A5,hsa-miR-346,-0.831801391,-0.247439913
7,B5,hsa-miR-34a,-0.378515625,0.295311887
7,C5,hsa-miR-34a*,-0.471569603,-0.514248726
7,E5,hsa-miR-34b,-0.435836804,-0.912517448
7,D5,hsa-miR-34b*,-0.827443812,0.0992412
7,G5,hsa-miR-34c-3p,-0.262389735,0.156599472
7,F5,hsa-miR-34c-5p,-0.026275271,-0.174839035
7,A6,hsa-miR-361-3p,-0.528539076,0.168382765
7,H5,hsa-miR-361-5p,-0.014926486,-0.517967796
7,C6,hsa-miR-362-3p,-0.293517741,0.012962448
7,B6,hsa-miR-362-5p,-0.368858941,0.708957598
7,E6,hsa-miR-363,-0.498143334,0.001561497
7,D6,hsa-miR-363*,-0.52035032,-0.081573254
7,F6,hsa-miR-365,-0.449628852,0.106726142
7,H6,hsa-miR-365,-0.261847989,-0.587356551
7,G6,hsa-miR-365*,0.04306896,-0.067771045
7,B7,hsa-miR-367,-0.377531933,0.41759725
7,A7,hsa-miR-367*,-0.551141287,0.600439828
7,D7,hsa-miR-369-3p,-0.385783745,0.079631974
7,C7,hsa-miR-369-5p,-0.605925532,0.142761104
7,E7,hsa-miR-370,-0.267873383,-0.368633234
7,G7,hsa-miR-371-3p,0.086915168,0.197538788
7,F7,hsa-miR-371-5p,0.158785276,-0.297181511
7,H7,hsa-miR-372,0.103933429,0.46289915
7,B8,hsa-miR-373,-0.484721872,0.626732665
7,A8,hsa-miR-373*,-1.29228942,1.167216751
7,C8,hsa-miR-374a,-0.93913062,0.346085812
7,D8,hsa-miR-374a*,-1.023356342,0.191886427
7,E8,hsa-miR-374b,-1.051197922,0.404029184
7,F8,hsa-miR-374b*,-0.855056196,-0.311522053
7,G8,hsa-miR-375,-0.782703691,-0.641678499
7,A9,hsa-miR-376a,-0.365199765,0.898186735
7,B9,hsa-miR-376a,-0.529911445,0.395906469
7,H8,hsa-miR-376a*,-0.740127856,0.430598662
7,C9,hsa-miR-376b,-0.583447747,0.43766904
7,D9,hsa-miR-376c,-0.909662788,0.137719708
7,F9,hsa-miR-377,-0.412931146,1.089895307
7,E9,hsa-miR-377*,-0.624940761,0.264856502
7,H9,hsa-miR-378,-0.00995157,0.704550655
7,G9,hsa-miR-378*,0.300665,0.567082931
7,A10,hsa-miR-379,-0.829333999,-0.140739321
7,B10,hsa-miR-379*,-0.513341119,-0.354144691
7,D10,hsa-miR-380,-0.836276043,-0.011740168
7,C10,hsa-miR-380*,-0.156330467,0.610031568
7,E10,hsa-miR-381,-0.382443989,-0.402068709
7,F10,hsa-miR-382,-0.6526851,0.012651028
7,G10,hsa-miR-383,-0.392763501,-0.034622922
7,H10,hsa-miR-384,-0.416264402,0.417646225
7,B11,hsa-miR-409-3p,0.11677438,0.665671155
7,A11,hsa-miR-409-5p,-0.165037424,0.714390599
7,C11,hsa-miR-410,0.06614665,0.328178603
7,D11,hsa-miR-411,-0.569833197,-0.199062863
7,E11,hsa-miR-411*,-0.525129296,-0.213458143
7,F11,hsa-miR-412,-0.367029193,0.169335834
7,G11,hsa-miR-421,-0.178031306,0.119690918
7,H11,hsa-miR-422a,0.140529001,0.316362883
8,A2,ath-miR416,0.171778841,-0.426671548
8,B2,cel-miR-243,-0.127680786,0.680414067
8,B5,hsa-miR-323b-5p,0.125705609,0.090076782
8,D2,hsa-miR-423-3p,-0.729972616,-0.293148515
8,C2,hsa-miR-423-5p,-0.101070784,0.046557986
8,E2,hsa-miR-424,-0.445550233,-0.424485254
8,F2,hsa-miR-424*,-0.547901246,-0.169549195
8,G2,hsa-miR-425,-0.514376668,-0.596702779
8,H2,hsa-miR-425*,-0.083743382,-0.062501076
8,A3,hsa-miR-429,-0.414208641,0.246749491
8,B3,hsa-miR-431,-0.074518734,0.379404389
8,C3,hsa-miR-431*,-0.460378578,-0.442646066
8,D3,hsa-miR-432,-0.913518051,-0.126292933
8,E3,hsa-miR-432*,-0.866386526,-0.524976242
8,F3,hsa-miR-433,-0.568236536,-0.111880211
8,G3,hsa-miR-448,-0.187695293,-0.207179583
8,H3,hsa-miR-449a,-0.425580373,0.324999634
8,A4,hsa-miR-449b,-0.505540089,-0.716981924
8,B4,hsa-miR-449b*,0.388769962,-0.128711373
8,D4,hsa-miR-450a,-0.641929073,0.525799492
8,C4,hsa-miR-450a,-0.35735356,-0.228215608
8,F4,hsa-miR-450b-3p,-0.336564469,-0.187557453
8,E4,hsa-miR-450b-5p,-0.754610641,-0.352768347
8,G4,hsa-miR-451,-0.384788148,0.058837974
8,H4,hsa-miR-452,-0.051890365,-0.010479768
8,A5,hsa-miR-452*,0.403602607,-0.671368325
8,D5,hsa-miR-454,-0.549230917,1.009696377
8,C5,hsa-miR-454*,-0.780115435,-0.45159409
8,F5,hsa-miR-455-3p,-0.392798036,0.022338324
8,E5,hsa-miR-455-5p,-0.454907463,-0.354726866
8,H5,hsa-miR-483-3p,-0.215210392,-0.240574092
8,G5,hsa-miR-483-5p,0.249763271,-0.027472822
8,A6,hsa-miR-484,0.76101777,0.063718907
8,C6,hsa-miR-485-3p,-0.098515764,-0.377037476
8,B6,hsa-miR-485-5p,0.527570778,-0.097189559
8,E6,hsa-miR-486-3p,-0.353820769,0.102769356
8,D6,hsa-miR-486-5p,0.235859553,0.399531175
8,F6,hsa-miR-487a,0.690511574,0.33534222
8,G6,hsa-miR-487b,-0.094155591,-0.065804823
8,A7,hsa-miR-488,1.177909707,0.06410529
8,H6,hsa-miR-488*,0.128131559,0.956637275
8,B7,hsa-miR-489,0.495088436,0.614276887
8,D7,hsa-miR-490-3p,-0.28913268,0.329329273
8,C7,hsa-miR-490-5p,0.228550628,-0.041594173
8,F7,hsa-miR-491-3p,-0.198241196,0.292105456
8,E7,hsa-miR-491-5p,-0.193671781,0.257979224
8,H7,hsa-miR-493,0.24182833,0.16355488
8,G7,hsa-miR-493*,0.10579511,0.318458539
8,A8,hsa-miR-494,0.962165797,0.118790616
8,B8,hsa-miR-495,0.644472541,-0.304447457
8,C8,hsa-miR-496,0.52704603,0.213995495
8,D8,hsa-miR-497,-0.349476011,0.322457782
8,E8,hsa-miR-497*,-0.531241247,0.233832288
8,F8,hsa-miR-498,-0.156491017,0.116961691
8,H8,hsa-miR-499-3p,0.191236983,-0.07633019
8,G8,hsa-miR-499-5p,-0.343163605,0.335159996
8,A9,hsa-miR-500a,1.436028533,-0.059998844
8,B9,hsa-miR-500a*,0.81131971,0.085131818
8,D9,hsa-miR-501-3p,-0.444717069,0.348355447
8,C9,hsa-miR-501-5p,0.321810668,0.333903382
8,F9,hsa-miR-502-3p,0.286457498,-0.255884589
8,E9,hsa-miR-502-5p,0.032449545,0.416170693
8,G9,hsa-miR-503,0.845166892,-0.047699537
8,H9,hsa-miR-504,0.601929884,0.011178888
8,B10,hsa-miR-505,1.241284505,-0.006247419
8,A10,hsa-miR-505*,1.734872373,0.253159547
8,C10,hsa-miR-506,0.829667262,-0.105016769
8,D10,hsa-miR-507,-0.151764091,-0.050782946
8,F10,hsa-miR-508-3p,-0.232088723,-0.171704343
8,E10,hsa-miR-508-5p,0.144056524,-0.1770275
8,C11,hsa-miR-509-3-5p,0.995159723,-0.250379489
8,H10,hsa-miR-509-3p,0.358887839,0.340323281
8,D11,hsa-miR-509-3p,-0.150439059,-0.332637869
8,B11,hsa-miR-509-3p,1.274024993,-0.306593356
8,G10,hsa-miR-509-5p,0.291081998,0.551294081
8,A11,hsa-miR-509-5p,1.538071458,-0.148506394
8,E11,hsa-miR-510,-0.115308112,-0.291296979
8,F11,hsa-miR-511,-0.350711053,0.584100182
8,G11,hsa-miR-511,0.301716019,1.023250011
8,H11,hsa-miR-512-5p,0.218685523,0.866557783
9,A2,ath-miR416,0.5378691,0.186936583
9,B2,cel-miR-243,-0.277579146,0.066805936
9,E2,hsa-miR-512-3p,-0.436130119,-0.921772028
9,C2,hsa-miR-512-3p,0.642928238,-1.356067667
9,D2,hsa-miR-512-5p,0.734667732,-0.774764054
9,A3,hsa-miR-513a-3p,1.256091481,0.025604687
9,G2,hsa-miR-513a-3p,0.721778051,-0.713490558
9,H2,hsa-miR-513a-5p,0.744315512,-0.23282332
9,F2,hsa-miR-513a-5p,0.179009566,-0.6864781
9,B3,hsa-miR-513b,-0.052339473,0.359622164
9,C3,hsa-miR-513c,0.361444839,-1.218474128
9,F3,hsa-miR-514,0.599376201,-0.424237423
9,D3,hsa-miR-514,0.580522525,-0.574056967
9,E3,hsa-miR-514,0.735532121,-0.789071779
9,B4,hsa-miR-515-3p,-0.489949964,0.272979469
9,H3,hsa-miR-515-3p,0.991706826,-0.26780403
9,A4,hsa-miR-515-5p,0.569891907,0.350875984
9,G3,hsa-miR-515-5p,0.622814192,-0.127087256
9,F4,hsa-miR-516a-3p,0.190276473,-0.655046098
9,D4,hsa-miR-516a-3p,1.537289791,-1.034509824
9,E4,hsa-miR-516a-5p,0.452727124,-0.314459883
9,C4,hsa-miR-516a-5p,-0.12019937,-0.714271177
9,G4,hsa-miR-516b,0.931818969,-0.656758371
9,A5,hsa-miR-516b,1.848299137,-0.187960417
9,H4,hsa-miR-516b*,1.23535683,-0.248559198
9,B5,hsa-miR-516b*,0.773797534,-0.588823084
9,G5,hsa-miR-517*,1.26192367,-0.468208532
9,C5,hsa-miR-517*,1.17083564,-0.627744006
9,E5,hsa-miR-517*,0.730473343,-0.996191241
9,D5,hsa-miR-517a,1.009240013,-0.268724195
9,F5,hsa-miR-517b,0.550630863,-0.322921374
9,H5,hsa-miR-517c,0.968512667,-0.429812608
9,B6,hsa-miR-518a-3p,1.113582867,0.002090609
9,D6,hsa-miR-518a-3p,2.118390213,0.189138437
9,C6,hsa-miR-518a-5p,0.956680952,-0.510815277
9,A6,hsa-miR-518a-5p,1.633776274,-0.283896042
9,E6,hsa-miR-518b,0.302745031,-0.349438374
9,G6,hsa-miR-518c,1.85129222,-0.013396558
9,F6,hsa-miR-518c*,1.110429275,-0.585306042
9,A7,hsa-miR-518d-3p,1.668984183,0.150060671
9,H6,hsa-miR-518d-5p,1.21890551,-0.105323669
9,C7,hsa-miR-518e,1.981412465,-1.137699672
9,B7,hsa-miR-518e*,1.512280991,-0.220708126
9,E7,hsa-miR-518f,1.494477444,-0.049173273
9,D7,hsa-miR-518f*,1.31416694,-0.920542961
9,G7,hsa-miR-519a,1.312672395,0.292635518
9,H7,hsa-miR-519a,1.477017094,0.018431002
9,F7,hsa-miR-519a*,1.027964625,-0.076647272
9,B8,hsa-miR-519b-3p,1.531949485,-0.190833878
9,A8,hsa-miR-519b-5p,2.820362713,0.576748704
9,D8,hsa-miR-519c-3p,1.01575842,-0.248092244
9,C8,hsa-miR-519c-5p,2.006842602,-0.514101465
9,E8,hsa-miR-519d,1.023029844,-0.835830874
9,G8,hsa-miR-519e,0.854253665,-0.261486273
9,F8,hsa-miR-519e*,0.844621926,-0.354393241
9,A9,hsa-miR-520a-3p,2.330834523,0.930202461
9,H8,hsa-miR-520a-5p,1.378286932,-0.014677376
9,B9,hsa-miR-520b,0.20790456,-0.14270252
9,D9,hsa-miR-520c-3p,1.494140029,-1.092469221
9,C9,hsa-miR-520c-5p,1.14043514,-0.584538994
9,F9,hsa-miR-520d-3p,0.642838857,0.038445637
9,E9,hsa-miR-520d-5p,1.196966101,0.260055811
9,G9,hsa-miR-520e,1.475475864,-0.263806802
9,H9,hsa-miR-520f,2.034564347,-0.255047489
9,A10,hsa-miR-520g,2.388236599,0.599739759
9,B10,hsa-miR-520h,1.092835693,0.11824582
9,C10,hsa-miR-521,1.287888443,-0.450715594
9,D10,hsa-miR-521,1.546487807,-0.767718963
9,F10,hsa-miR-522,1.226070005,-0.296829335
9,E10,hsa-miR-522*,1.200618508,-0.325081043
9,H10,hsa-miR-523,1.890308843,-0.772565161
9,G10,hsa-miR-523*,1.549816822,-0.27587468
9,B11,hsa-miR-524-3p,0.793876039,0.332061343
9,A11,hsa-miR-524-5p,2.210743673,1.063930677
9,D11,hsa-miR-525-3p,1.76186123,-0.920695282
9,C11,hsa-miR-525-5p,1.529488118,-0.606695152
9,F11,hsa-miR-526a,1.116458593,-0.319907821
9,E11,hsa-miR-526a,2.392948884,-0.463131659
9,G11,hsa-miR-526b,1.739705237,-0.638582682
9,H11,hsa-miR-526b*,2.910098581,-0.551802297
10,A2,ath-miR416,0.056239072,0.113331204
10,B2,cel-miR-243,-0.012141002,0.140411315
10,C2,hsa-miR-527,-0.240736817,0.298807793
10,E2,hsa-miR-532-3p,-1.094692204,-0.881307144
10,D2,hsa-miR-532-5p,-0.923259034,-0.300062927
10,F2,hsa-miR-539,-0.575396408,-1.174068279
10,H2,hsa-miR-541,-0.136700727,-0.891855633
10,G2,hsa-miR-541*,-0.762180512,-0.846914538
10,B3,hsa-miR-542-3p,0.460681257,0.134087476
10,A3,hsa-miR-542-5p,-0.523115874,-0.861529126
10,C3,hsa-miR-543,-0.575434078,-0.67164957
10,D3,hsa-miR-544,-0.951990624,-0.775830465
10,F3,hsa-miR-545,-0.744618484,-0.59435397
10,E3,hsa-miR-545*,-0.834854113,-1.302559499
10,G3,hsa-miR-548a-3p,-0.67288902,-0.421575632
10,B4,hsa-miR-548a-3p,-0.246711492,-0.184539133
10,H3,hsa-miR-548a-3p,-0.183107061,-0.432448638
10,A4,hsa-miR-548a-5p,-0.206257488,-0.283986949
10,D4,hsa-miR-548b-3p,-0.723545338,-0.435986731
10,C4,hsa-miR-548b-5p,-0.448554146,-0.678380889
10,F4,hsa-miR-548c-3p,-0.489426782,-0.611817253
10,E4,hsa-miR-548c-5p,-1.082715086,-0.893212873
10,H4,hsa-miR-548d-3p,-0.430975845,-0.55140631
10,B5,hsa-miR-548d-3p,0.364504872,0.016901339
10,G4,hsa-miR-548d-5p,-0.708823796,-0.429852327
10,A5,hsa-miR-548d-5p,-0.09077296,-0.840975896
10,C5,hsa-miR-548e,-0.708101479,-0.330679742
10,F5,hsa-miR-548f,-0.429490987,-0.026757642
10,E5,hsa-miR-548f,-0.790630668,-0.778999212
10,D5,hsa-miR-548f,-0.210291804,-0.642800902
10,G5,hsa-miR-548f,-0.210981084,-0.62586872
10,H5,hsa-miR-548f,-0.147524489,-0.504148443
10,A6,hsa-miR-548g,0.277688692,0.221720055
10,C6,hsa-miR-548h,-0.481729504,-0.293687522
10,D6,hsa-miR-548h,-0.226597502,-0.577975169
10,B6,hsa-miR-548h,0.187824822,-0.270765548
10,E6,hsa-miR-548h,-0.440909645,-0.906591552
10,A7,hsa-miR-548i,0.091640531,0.42994913
10,H6,hsa-miR-548i,0.037301754,-0.18329976
10,G6,hsa-miR-548i,0.157924204,-0.374338146
10,F6,hsa-miR-548i,-0.020820208,-0.697298149
10,B7,hsa-miR-548j,0.156682587,-0.075129475
10,C7,hsa-miR-548k,-0.030530777,0.1383232
10,D7,hsa-miR-548l,-0.235260835,-0.064606899
10,E7,hsa-miR-548m,-0.668306905,-0.663783595
10,F7,hsa-miR-548n,-0.289007679,-0.155899305
10,G7,hsa-miR-548o,-0.337387125,-0.27201324
10,H7,hsa-miR-548p,-0.323331889,-0.270833033
10,A8,hsa-miR-549,0.145099994,0.469830413
10,B8,hsa-miR-550a,-0.200888362,0.242537946
10,D8,hsa-miR-550a,-0.262981499,-0.28296131
10,C8,hsa-miR-550a*,-0.359745969,-0.16297355
10,E8,hsa-miR-550a*,-0.386794119,-0.67165431
10,F8,hsa-miR-551a,-0.633495522,-0.597769973
10,H8,hsa-miR-551b,-0.134951364,-0.375615535
10,G8,hsa-miR-551b*,-0.334674468,-0.599901846
10,A9,hsa-miR-552,0.263053448,0.760031118
10,B9,hsa-miR-553,0.221204631,0.024331806
10,C9,hsa-miR-554,-0.136675611,-0.438125829
10,D9,hsa-miR-555,-0.383439817,-0.717894181
10,F9,hsa-miR-556-3p,-0.294885688,-0.439706879
10,E9,hsa-miR-556-5p,-0.175568606,-1.014710999
10,G9,hsa-miR-557,0.440132151,-0.98574253
10,H9,hsa-miR-558,-0.039887585,-0.51083078
10,A10,hsa-miR-559,0.084327654,0.734388248
10,B10,hsa-miR-561,-0.010520437,-0.139860634
10,C10,hsa-miR-562,-0.717067435,-0.361905649
10,D10,hsa-miR-563,-0.589585073,-0.48898225
10,E10,hsa-miR-564,-0.358086539,-0.80100219
10,F10,hsa-miR-566,-0.063877204,-0.946117494
10,G10,hsa-miR-567,0.094470888,-0.766457765
10,H10,hsa-miR-568,-0.185319479,-0.738159517
10,A11,hsa-miR-569,-0.132552833,0.665867059
10,B11,hsa-miR-570,0.235803416,-0.034743324
10,C11,hsa-miR-571,-0.43189599,-1.082683518
10,D11,hsa-miR-572,-0.359790796,-1.469188503
10,E11,hsa-miR-573,-0.462823334,-1.387799503
10,G11,hsa-miR-574-3p,0.0463866,-0.85382973
10,F11,hsa-miR-574-5p,-0.388764986,-0.904680413
10,H11,hsa-miR-575,0.457225052,-1.067925954
11,A2,ath-miR416,-0.117694035,0.275383115
11,B2,cel-miR-243,0.161792105,-0.021640596
11,D2,hsa-miR-576-3p,-0.250352641,-0.619496793
11,C2,hsa-miR-576-5p,-0.21915909,0.104966039
11,E2,hsa-miR-577,-0.558864984,0.202139013
11,F2,hsa-miR-578,-0.510609942,-0.291471359
11,G2,hsa-miR-579,-1.152725156,-0.492539506
11,H2,hsa-miR-580,-0.420432704,0.827239368
11,A3,hsa-miR-581,-0.099920343,0.38610138
11,C3,hsa-miR-582-3p,-0.939013362,-0.342047013
11,B3,hsa-miR-582-5p,-0.044952636,0.395420225
11,D3,hsa-miR-583,-0.300929332,-1.177872069
11,E3,hsa-miR-584,-1.171428756,-0.868727721
11,F3,hsa-miR-585,-1.021713103,-0.757163861
11,G3,hsa-miR-586,-1.433145721,-0.383489469
11,H3,hsa-miR-587,-0.871988326,-0.13674161
11,A4,hsa-miR-588,-0.780644055,-0.060304193
11,B4,hsa-miR-589,0.323915427,-0.038749368
11,C4,hsa-miR-589*,-0.985202281,0.567192297
11,E4,hsa-miR-590-3p,-0.223761245,-0.814816715
11,D4,hsa-miR-590-5p,-1.027206039,-0.368066562
11,F4,hsa-miR-591,-1.056816102,-0.332427978
11,G4,hsa-miR-592,-1.088904472,0.042277864
11,A5,hsa-miR-593,-0.473662335,0.802397239
11,H4,hsa-miR-593*,-0.948127717,-0.405257903
11,B5,hsa-miR-595,-0.075452303,0.334612323
11,C5,hsa-miR-596,-0.038832594,-0.435490686
11,D5,hsa-miR-597,-0.52352346,-0.479559664
11,E5,hsa-miR-598,0.18086107,-0.660010999
11,F5,hsa-miR-599,-0.977558111,-0.122516574
11,G5,hsa-miR-600,-0.185521864,-0.751797878
11,H5,hsa-miR-601,-0.657420119,-0.087461491
11,A6,hsa-miR-602,0.113200554,0.879566255
11,B6,hsa-miR-603,1.088367962,-0.14189641
11,C6,hsa-miR-604,-0.531595033,0.1206236
11,D6,hsa-miR-605,-0.718212517,0.021209407
11,E6,hsa-miR-606,0.028981984,0.5086102
11,F6,hsa-miR-607,-0.397072626,-0.071741709
11,G6,hsa-miR-608,-0.018059974,0.152612514
11,H6,hsa-miR-609,-0.212106028,-0.247152989
11,A7,hsa-miR-610,0.54392132,2.433734173
11,B7,hsa-miR-611,-0.003073585,0.509875213
11,C7,hsa-miR-612,0.235462573,0.90222897
11,D7,hsa-miR-613,-0.450790371,0.218739435
11,E7,hsa-miR-614,-0.019599767,-0.167991143
11,G7,hsa-miR-615-3p,-0.890584056,0.099787912
11,F7,hsa-miR-615-5p,-0.215131157,-0.488322386
11,A8,hsa-miR-616,0.58391974,1.797226509
11,H7,hsa-miR-616*,-0.465117605,-0.123270294
11,B8,hsa-miR-617,-0.278503299,-0.249385243
11,C8,hsa-miR-618,-0.337365802,-0.090904263
11,D8,hsa-miR-619,-0.644970725,-0.140529845
11,E8,hsa-miR-620,-0.444324996,0.887114589
11,F8,hsa-miR-621,-0.045109354,-0.035990157
11,G8,hsa-miR-622,-0.628518199,0.193735862
11,H8,hsa-miR-623,-0.182008491,-0.00288529
11,B9,hsa-miR-624,0.008009975,0.291980522
11,A9,hsa-miR-624*,0.195207201,2.464388588
11,C9,hsa-miR-625,-0.392639011,0.174103451
11,D9,hsa-miR-625*,-0.573205918,-0.527680238
11,E9,hsa-miR-626,-0.398666427,-0.141367492
11,F9,hsa-miR-627,-0.544440835,-0.292928547
11,H9,hsa-miR-628-3p,0.172150047,0.28776652
11,G9,hsa-miR-628-5p,-0.408847452,1.3726087
11,A10,hsa-miR-629,0.646417741,3.093514467
11,B10,hsa-miR-629*,0.387881594,0.939897811
11,C10,hsa-miR-630,-0.334480339,0.15052862
11,D10,hsa-miR-631,-0.63710195,0.71012222
11,E10,hsa-miR-632,-0.321651907,1.10675821
11,F10,hsa-miR-633,-0.438858918,-0.011060352
11,G10,hsa-miR-634,-0.646262095,0.083456289
11,H10,hsa-miR-635,0.295824442,1.413603354
11,A11,hsa-miR-636,0.951777604,2.62153786
11,B11,hsa-miR-637,-0.013254452,0.899463702
11,C11,hsa-miR-638,-0.649607337,0.037457331
11,D11,hsa-miR-639,-0.922233745,0.626332016
11,E11,hsa-miR-640,-0.207446572,1.115303746
11,F11,hsa-miR-641,-0.706544476,1.726405901
11,G11,hsa-miR-642a,-0.695416366,1.175081898
11,H11,hsa-miR-643,0.77726299,1.065930238
12,A2,ath-miR416,0.170734002,-0.480799264
12,B2,cel-miR-243,-0.12663595,0.734541783
12,C2,hsa-miR-644,-0.822941374,-1.02106656
12,D2,hsa-miR-645,-0.740536607,-1.256811105
12,E2,hsa-miR-646,-0.67033433,-1.279993877
12,F2,hsa-miR-647,-0.870631319,-1.813612385
12,G2,hsa-miR-648,-0.915914096,-1.745640181
12,H2,hsa-miR-649,-0.111598852,-0.57569959
12,A3,hsa-miR-650,0.501174042,-0.729103718
12,B3,hsa-miR-651,-0.160406653,-0.632459383
12,C3,hsa-miR-652,-0.079247658,-1.163587415
12,D3,hsa-miR-653,-1.032439435,-1.861005035
12,F3,hsa-miR-654-3p,-0.431883711,-1.867501869
12,E3,hsa-miR-654-5p,-0.526208481,-1.834527048
12,G3,hsa-miR-655,-0.616500361,-1.895542134
12,H3,hsa-miR-656,-0.89167358,-1.49446913
12,A4,hsa-miR-657,0.504580925,-1.374557483
12,B4,hsa-miR-658,0.567115635,-0.992890679
12,C4,hsa-miR-659,-0.153231344,-0.928227313
12,D4,hsa-miR-660,-1.580646447,-1.724050955
12,E4,hsa-miR-661,-1.043999005,-1.746951893
12,F4,hsa-miR-662,-0.54221769,-1.532638833
12,G4,hsa-miR-663,-1.514482227,-1.905613661
12,H4,hsa-miR-663b,0.186831701,-0.735457739
12,B5,hsa-miR-664,0.005194541,-0.364494916
12,A5,hsa-miR-664*,0.338377945,-1.343670702
12,C5,hsa-miR-665,-1.170146335,-1.366323665
12,D5,hsa-miR-668,-0.528014745,-1.536291705
12,F5,hsa-miR-671-3p,-0.001493885,-1.544129959
12,E5,hsa-miR-671-5p,-0.311143434,-1.701898289
12,G5,hsa-miR-675,-0.623488883,-1.751502111
12,H5,hsa-miR-675*,-0.79722826,-0.8325265
12,H6,hsa-miR-7,-0.596070387,-0.422352161
12,E6,hsa-miR-7,-0.661086154,-1.510798361
12,C6,hsa-miR-7,0.061389771,-1.120098073
12,D6,hsa-miR-7-1*,-0.548888182,-0.881667738
12,F6,hsa-miR-7-2*,-0.607016266,-1.114182515
12,A6,hsa-miR-708,0.726079985,-0.824546643
12,B6,hsa-miR-708*,0.648032538,-0.493491539
12,G6,hsa-miR-720,-0.816487026,-1.792625378
12,A7,hsa-miR-744,-1.108823406,-0.582513206
12,B7,hsa-miR-744*,-0.259584014,-0.549343376
12,C7,hsa-miR-758,-0.69138061,-0.114333849
12,D7,hsa-miR-760,-0.402011573,-1.099432609
12,E7,hsa-miR-765,-0.594368662,-1.184393923
12,F7,hsa-miR-766,-0.601777274,-1.32955309
12,H7,hsa-miR-767-3p,-0.751809116,-0.524997206
12,G7,hsa-miR-767-5p,-0.9982218,-1.542869385
12,B8,hsa-miR-769-3p,-0.031229755,-0.89314792
12,A8,hsa-miR-769-5p,-0.641626338,-0.109525903
12,C8,hsa-miR-770-5p,0.074536392,-0.491771925
12,D8,hsa-miR-802,-0.41503373,-1.182502787
12,E8,hsa-miR-873,-0.805400971,-1.257287954
12,F8,hsa-miR-874,-1.243091035,-1.35496641
12,H8,hsa-miR-875-3p,-0.631107317,-0.742907916
12,G8,hsa-miR-875-5p,-1.167275298,-1.394331606
12,B9,hsa-miR-876-3p,-0.07622674,-1.066694016
12,A9,hsa-miR-876-5p,-0.913508,-0.204781245
12,C9,hsa-miR-877,0.373499383,-0.699530194
12,D9,hsa-miR-877*,-0.631655353,-1.802255547
12,F9,hsa-miR-885-3p,-0.418703691,-1.368541786
12,E9,hsa-miR-885-5p,-1.526643394,-1.505612664
12,G9,hsa-miR-887,-0.400471504,-1.701783393
12,H9,hsa-miR-888,-0.624877561,-0.783329165
12,A10,hsa-miR-888*,-0.77865863,-0.306950956
12,B10,hsa-miR-889,0.575618475,-0.014836767
12,C10,hsa-miR-890,0.464494767,-0.926295295
12,D10,hsa-miR-891a,-0.379604535,-1.700950524
12,E10,hsa-miR-891b,-0.405544362,-1.470603087
12,F10,hsa-miR-892a,-0.414560459,-1.399980454
12,G10,hsa-miR-892b,-0.687375534,-1.681616794
12,B11,hsa-miR-9,-0.709363925,-0.52690412
12,H10,hsa-miR-9,0.364989719,-0.83264659
12,A11,hsa-miR-9*,-0.131863382,-0.206659432
12,C11,hsa-miR-9*,-0.195397252,-1.328440376
12,D11,hsa-miR-920,-0.689700099,-1.712517192
12,E11,hsa-miR-921,-0.780434773,-0.926908863
12,F11,hsa-miR-922,-0.877704214,-1.070310153
12,G11,hsa-miR-924,-0.323545248,-1.831155048
12,H11,hsa-miR-92a-1*,-1.064319031,-0.205867527
13,E9,hsa-miR-1244,-0.728742428,-0.039866378
13,E11,hsa-miR-2909,-0.562628214,-0.070879665
,,,,
,,,,
,,,,