,,,Plate 1,Plate 2,Plate 3,Plate 4,Plate 5,Plate 6
1,A2,ath-miR416,0.986217915,1.054848529,1.002781248,1.029265015,1.072819521,1.007042988
1,B2,cel-miR-243,1.013782085,0.945151471,0.997218752,0.970734985,0.927180479,0.992957012
1,G2,hsa-let-7a,1.073574474,0.773490531,0.880407494,0.914882026,0.966924311,0.928068343
1,E2,hsa-let-7a,1.080549571,0.770603798,0.922996987,1.012898554,0.96044206,0.995390985
1,C2,hsa-let-7a,1.11773608,0.9805245,1.028415382,1.017218353,0.881804373,1.018487864
1,F2,hsa-let-7a-2*,1.072103917,0.840983974,0.935797372,0.908493557,0.972450238,0.951424142
1,H2,hsa-let-7a*,0.975040969,0.801179087,0.967295547,0.901009987,1.031853507,0.963179709
1,D2,hsa-let-7a*,1.087902864,0.763041281,1.003484957,0.89748113,0.782072731,0.963231491
1,A3,hsa-let-7b,1.061179009,1.095832476,1.036557995,1.015758072,1.019845329,1.062351143
1,B3,hsa-let-7b*,1.11773608,0.915673941,1.070301273,1.05999031,0.977710475,0.977006766
1,C3,hsa-let-7c,1.097567167,1.096808272,1.047716366,0.992394742,0.845833003,1.035007803
1,D3,hsa-let-7d,1.023278272,0.768326915,1.024796438,0.9528474,0.706994991,0.956447423
1,E3,hsa-let-7d*,1.028614639,0.770481835,1.05860676,1.001399426,0.93456605,0.985240849
1,F3,hsa-let-7e,1.030295398,0.777841024,1.053613876,0.948649288,0.892590548,0.951268786
1,G3,hsa-let-7e*,0.925753198,0.738320829,1.010655793,0.955767856,0.985042883,0.955359901
1,H3,hsa-let-7f,0.905836396,0.816466795,1.023121059,1.012472614,0.92197332,1.024754022
1,B4,hsa-let-7f,0.981301709,1.169993887,1.04319269,1.029082567,0.886586417,0.866338684
1,A4,hsa-let-7f-1*,0.983192549,0.964098387,1.066849895,1.041920171,0.973619162,0.919782477
1,C4,hsa-let-7f-2*,0.971763494,1.26541987,1.075629171,1.004867344,0.939826203,0.816468157
1,D4,hsa-let-7g,0.978570547,1.167676358,0.880306979,0.985215413,0.728195294,0.984464019
1,E4,hsa-let-7g*,0.991260143,1.115023438,1.057869483,0.990204456,0.86352646,0.881822883
1,F4,hsa-let-7i,1.030169319,1.163773167,1.032704453,0.989535213,0.886905185,0.915225244
1,G4,hsa-let-7i*,1.010168514,1.04647289,1.00539494,1.002433672,0.98854974,0.967892299
1,G7,hsa-miR-1,0.997478918,0.987395859,1.026170279,1.050133923,0.943386149,1.037545339
1,B9,hsa-miR-1,1.202907717,1.085789756,1.071775629,1.083718737,1.089344054,1.136354208
1,H4,hsa-miR-100,0.889953382,1.060744021,0.937271722,0.938427898,0.985255398,0.89487311
1,A5,hsa-miR-100*,0.951426529,0.867859345,1.072177787,0.957653983,0.978666884,1.012946663
1,C5,hsa-miR-101,1.057985599,1.086765679,1.146701095,1.002129525,0.978985662,1.03179701
1,D5,hsa-miR-101,0.991974435,1.090302923,0.970076798,0.944998827,0.800616334,0.921543265
1,B5,hsa-miR-101*,1.104458206,0.971579603,1.079013511,1.031211985,0.957094629,1.009321605
1,H5,hsa-miR-103a,0.932055967,0.959544629,0.997185282,1.006814327,0.975160027,1.009114477
1,E5,hsa-miR-103a,0.960838722,1.12543197,1.033810319,0.94846684,0.951834392,0.880476442
1,G5,hsa-miR-103a-2*,1.080213467,1.070054864,0.964313266,1.051289857,0.998485674,0.94795443
1,A6,hsa-miR-103b,1.075969533,0.956983117,1.168448211,1.080250724,1.027815367,0.983324716
1,F5,hsa-miR-103b,1.00260514,1.037121392,0.981101072,0.998539813,0.939135483,0.986172943
1,D6,hsa-miR-105,0.858859626,0.910185034,0.973293572,1.054514471,0.881804373,1.040911477
1,B6,hsa-miR-105,0.934156896,0.925391378,1.021110455,1.038999797,0.939401172,0.922734361
1,E6,hsa-miR-105*,0.962897614,0.932587957,1.026873981,1.047152612,1.065593376,1.075349588
1,C6,hsa-miR-105*,0.92903061,0.937792226,1.11205308,1.059321067,0.929996532,1.024287975
1,F6,hsa-miR-106a,0.936005706,0.969180756,1.115470995,1.079946483,1.116654666,1.047384773
1,G6,hsa-miR-106a*,0.843060614,0.900345642,1.00857825,1.084570523,1.13243539,0.906007284
1,H6,hsa-miR-106b,0.909996207,0.938890041,0.897999517,1.032550473,1.057623338,1.068565519
1,A7,hsa-miR-106b*,1.197067074,0.981703632,1.171497536,1.09892917,0.950134174,1.11879852
1,B7,hsa-miR-107,1.045590142,1.015938184,0.993331733,1.04204187,0.821338432,0.994562373
1,C7,hsa-miR-10a,1.131098011,1.041837823,1.108534657,1.095704555,0.818628642,1.106835815
1,D7,hsa-miR-10a*,1.038699095,1.034112632,1.075327522,1.017035799,0.825482846,0.977317467
1,E7,hsa-miR-10b,1.056094816,0.966700553,1.112957818,1.015940615,0.875694064,1.148420477
1,F7,hsa-miR-10b*,1.126770011,0.982150871,1.04285767,1.073375554,0.899391578,1.048834778
1,H7,hsa-miR-1178,1.110508809,1.04647289,1.083537186,1.048247796,0.871709013,1.069653041
1,A8,hsa-miR-1179,1.104542264,1.005244952,1.074221761,1.146751013,0.972290812,1.168720911
1,B8,hsa-miR-1180,1.082398454,1.129619916,1.015782662,1.004624041,0.741319317,1.002848238
1,C8,hsa-miR-1181,1.159880694,1.240658645,1.112455244,1.094791913,1.115432653,1.101035704
1,D8,hsa-miR-1182,1.159166402,1.006098792,1.055792039,1.061815582,1.235514473,1.094769546
1,E8,hsa-miR-1183,1.095970458,1.091644657,1.033843789,1.03334151,1.176217372,1.183531843
1,F8,hsa-miR-1184,1.217698241,1.004757058,1.17471431,1.10732537,1.182434019,1.096219551
1,G8,hsa-miR-1185,0.961426928,0.921406823,1.047347777,1.091080597,1.206397296,1.05753499
1,H8,hsa-miR-1185,1.083238769,1.076479039,1.039640791,1.036201028,1.137270513,1.070326225
1,A9,hsa-miR-1197,1.184839733,1.12295183,1.203263779,1.222803637,0.834940576,1.23205593
1,C9,hsa-miR-1200,1.215009043,1.073185579,1.09335529,1.082866939,1.252092085,1.117762862
1,D9,hsa-miR-1202,1.056262868,1.067168188,0.980330424,1.020321269,1.150872656,1.116209201
1,E9,hsa-miR-1203,1.013151787,1.059483588,1.039339247,1.075079139,1.253367356,1.117296733
1,F9,hsa-miR-1204,0.986091828,0.926692457,1.036088892,1.079763928,1.258840109,1.058467084
1,G9,hsa-miR-1205,1.168872661,1.032364306,1.038803098,1.073071312,1.379984507,1.086690818
1,H9,hsa-miR-1206,1.12916507,1.290099667,1.011359502,1.123022681,0.987008863,1.106369768
1,B10,hsa-miR-1207-3p,1.032018129,1.15324249,1.088362406,1.108116313,1.158523915,1.084205064
1,A10,hsa-miR-1207-5p,1.022101789,1.098394052,1.195054121,1.202543224,1.270795124,1.173951329
1,C10,hsa-miR-1208,1.042228673,0.981744278,1.12461886,1.121501651,1.186100217,1.194303463
1,D10,hsa-miR-122*,0.830413047,0.928562747,1.1028047,1.078668839,1.171010298,1.145934722
1,F10,hsa-miR-1224-3p,0.981343738,0.955641383,1.069061422,1.098016622,1.181902725,1.141066787
1,E10,hsa-miR-1224-5p,0.778898268,0.919902415,1.034446982,0.985519572,1.202465408,1.045157938
1,H10,hsa-miR-1225-3p,1.020042833,1.25948366,0.995409276,1.08962041,1.117026618,1.195390985
1,G10,hsa-miR-1225-5p,0.77646118,1.073592236,0.982475012,1.013993738,1.520735337,1.114500277
1,B11,hsa-miR-1226,1.169460939,1.029152282,1.021847732,1.08962041,1.101245979,1.087312293
1,A11,hsa-miR-1226*,1.069792908,1.143687727,1.139128094,1.164273608,1.204962682,1.176437073
1,C11,hsa-miR-1227,1.231480327,1.023134826,1.05864023,1.037235369,1.094710554,1.089694483
1,E11,hsa-miR-1228,1.156771343,0.971782923,1.238883471,0.988440028,1.057038882,1.047540129
1,D11,hsa-miR-1228*,1.118996556,1.03781255,0.972288326,1.059868611,1.054700949,1.049766964
1,F11,hsa-miR-1229,1.215765429,1.045375067,1.174278781,1.023120026,1.197842717,1.042413274
1,G11,hsa-miR-1231,1.1525274,0.93144948,1.172737387,1.056461454,1.132275964,1.094717764
1,H11,hsa-miR-1233,1.191352583,1.188859494,1.108099023,1.110124127,0.684785179,1.156084939
2,A2,ath-miR416,0.992803446,1.05984216,1.006011837,0.975336815,1.005084016,1.026099416
2,B2,cel-miR-243,1.007196554,0.94015784,0.993988163,1.097805479,0.92660377,1.226647404
2,C2,hsa-miR-1234,0.967782803,0.909316213,0.980074681,1.099296015,1.027492377,1.216955479
2,D2,hsa-miR-1236,0.986082025,0.937678849,0.945958774,1.088802202,0.881736247,1.12537933
2,E2,hsa-miR-1237,1.019091039,0.95689103,0.985907257,1.037167411,0.948910811,1.233419273
2,F2,hsa-miR-1238,1.003923806,0.930241876,0.977142067,1.083495578,0.991192786,1.221428665
2,B3,hsa-miR-124,0.948463102,0.783944839,1.018133245,1.074253834,0.950076829,1.215774982
2,H2,hsa-miR-124,0.903348415,0.92196638,0.959872262,1.029893233,0.879505533,1.149174242
2,E3,hsa-miR-124,0.934421947,1.142924799,0.939507008,1.069304917,0.70115066,1.271627721
2,D3,hsa-miR-124*,0.96634004,1.090282682,0.955636278,1.132327969,0.926806587,1.21167463
2,A3,hsa-miR-124*,1.043337557,0.73797412,0.986330867,1.082124185,0.944195952,1.332823392
2,G2,hsa-miR-124*,1.033800824,0.899035712,0.989980307,0.975396428,0.908960964,1.127118977
2,C3,hsa-miR-1243,1.046856553,1.024516419,0.98734102,1.135547689,0.988809961,1.136189541
2,F3,hsa-miR-1244,0.948498267,1.057217282,0.923931635,1.109134126,0.863941332,1.155635487
2,G3,hsa-miR-1245,0.888110802,1.16567326,0.964825177,1.060480493,0.987086283,1.164830372
2,H3,hsa-miR-1246,1.089930165,1.094219936,1.007250118,1.003956604,0.946223849,0.995594833
2,A4,hsa-miR-1247,1.030915194,0.922659075,0.738461076,1.062767623,0.926705173,1.345248944
2,B4,hsa-miR-1248,0.991431007,0.91081092,0.782189386,1.060361265,0.875703168,1.092141107
2,C4,hsa-miR-1249,0.989178849,0.995424718,0.819856993,1.14156981,0.905057196,1.311575803
2,D4,hsa-miR-1250,0.874034489,1.145112142,0.771860098,0.90760341,0.747184211,0.965711395
2,E4,hsa-miR-1251,0.962785669,1.128306063,0.781048898,1.094645372,0.918137252,1.385010622
2,F4,hsa-miR-1252,0.920697476,1.129582003,0.669186573,0.946001612,0.842749602,1.254418361
2,G4,hsa-miR-1253,0.976721328,1.068153975,0.75276562,1.047005425,0.740948407,1.273243048
2,H4,hsa-miR-1254,0.919325044,1.133956682,0.860848223,0.954050913,0.864144066,1.099037296
2,A5,hsa-miR-1255a,1.054739323,0.768378264,0.856807721,0.97681538,1.026985423,1.294242224
2,B5,hsa-miR-1255b,1.055337636,0.95823991,0.86922245,1.108418617,1.025920819,1.34189407
2,C5,hsa-miR-1255b,1.072123661,0.954448476,0.939344073,1.097447676,1.048684107,1.424958704
2,D5,hsa-miR-1256,0.944240199,0.745885013,0.83699641,1.094943465,0.932738253,1.348541733
2,E5,hsa-miR-1257,0.949342821,0.704835832,0.936541846,1.058095606,0.990330905,1.334065999
2,F5,hsa-miR-1258,1.050762773,1.082444728,0.910995654,1.158860868,1.094869768,1.241433761
2,H5,hsa-miR-125a-3p,0.992873882,1.104354557,0.810277183,1.050582864,1.011117002,1.192849943
2,G5,hsa-miR-125a-5p,1.04917914,0.749785772,0.855634686,1.057320482,1.017707732,1.307289035
2,A6,hsa-miR-125b,1.185508415,0.933085403,0.945144102,1.156177791,1.027695194,1.427505914
2,C6,hsa-miR-125b,1.145179786,1.133956682,1.004545526,1.139781096,1.060496661,1.321764755
2,B6,hsa-miR-125b-1*,1.069061996,1.042088124,0.823897449,1.072763201,0.954132707,1.239818421
2,D6,hsa-miR-125b-2*,1.034997338,1.083356131,0.758989265,1.173588089,0.945260566,1.346864283
2,F6,hsa-miR-126,1.106892114,1.1165673,0.820834494,1.133341656,1.00057188,1.287843088
2,E6,hsa-miR-126*,1.041718759,1.143398777,0.87404488,1.010276721,1.006097923,1.369292282
2,G6,hsa-miR-1260,1.037495856,1.141976959,0.76749378,1.090352352,0.933650747,1.430488067
2,H6,hsa-miR-1261,0.974609824,1.216638347,0.984962297,1.043427914,0.990128089,1.313066823
2,A7,hsa-miR-1262,1.136065337,1.083392575,0.828426701,1.151228983,1.039862663,1.367863372
2,B7,hsa-miR-1263,1.165660837,1.097245676,0.820150268,1.086715299,1.030990523,1.295422633
2,C7,hsa-miR-1264,1.197262142,1.106469012,0.942765491,1.160828531,1.068659031,1.477456444
2,D7,hsa-miR-1265,1.069625032,1.134831641,0.881148284,1.125530821,1.015426321,1.388241289
2,E7,hsa-miR-1266,0.875266162,0.869470091,0.627511058,0.442174929,0.516052958,1.187134252
2,F7,hsa-miR-1267,1.163584603,1.136873207,0.974795996,1.149022853,1.097962352,1.374200398
2,G7,hsa-miR-1268,1.053754003,1.247078987,0.821453637,1.058512926,1.079204153,1.383271076
2,H7,hsa-miR-1269,0.983794597,1.195566923,1.033219815,1.079321881,1.069267398,1.273491574
2,B8,hsa-miR-127-3p,1.17495121,0.964109229,0.679646143,1.06858942,1.066276207,1.511688747
2,A8,hsa-miR-127-5p,1.140217804,1.13497741,0.814969324,1.194754847,1.036415235,1.291260071
2,C8,hsa-miR-1270,1.159819135,1.09983411,0.712589015,1.099594193,1.032511467,1.523617258
2,D8,hsa-miR-1271,1.091408197,1.12549898,0.710699095,1.150215381,0.937351699,1.418683775
2,E8,hsa-miR-1272,1.059490104,0.769398992,0.735626202,1.090948622,0.869011035,1.401225889
2,F8,hsa-miR-1273,1.125684049,1.198264681,0.86130438,1.173528463,1.100649324,1.524300715
2,G8,hsa-miR-1275,1.007337313,1.201655068,0.883298873,1.017550899,0.94647729,1.424275247
2,H8,hsa-miR-1276,1.043759834,1.170266589,1.023835539,1.100786636,1.057961799,1.220310365
2,A9,hsa-miR-1277,1.134657733,1.206284958,0.865019014,1.248178339,1.083107921,1.44800805
2,B9,hsa-miR-1278,1.155561067,1.229580162,0.843154855,1.101084813,1.004627676,1.490813878
2,C9,hsa-miR-1279,1.169109509,1.187510202,0.871601068,1.10245611,1.047822227,1.437322045
2,F9,hsa-miR-128,1.022258187,1.137128301,0.846152617,1.045395565,1.082702298,1.430177343
2,H9,hsa-miR-128,0.951489497,1.214487448,0.847064977,1.130837433,1.041738451,1.247895006
2,D9,hsa-miR-1280,1.036651295,1.251344223,0.827677223,1.136859469,0.983283918,1.447324593
2,E9,hsa-miR-1281,0.95071526,1.104172344,0.708744041,1.101979176,0.996921635,1.422162968
2,G9,hsa-miR-1282,0.983583515,1.188239385,0.829762671,1.070318604,1.022980334,1.429928917
2,A10,hsa-miR-1283,1.129238315,0.978509314,0.903827056,1.259924307,1.168178814,1.474660708
2,B10,hsa-miR-1283,1.070645629,0.99203444,0.74093748,1.18503606,1.04021759,1.393708454
2,C10,hsa-miR-1284,1.162141729,1.142596706,0.767656714,1.215563706,1.091878576,1.465590143
2,E10,hsa-miR-1285,0.973554068,1.214961427,0.725916058,1.14329891,1.090560449,1.54958666
2,D10,hsa-miR-1285,1.0869741,1.194108653,0.687564167,1.197914942,1.072055763,1.44546074
2,F10,hsa-miR-1286,1.079689636,1.228486553,0.80793106,1.152719604,1.101612607,1.393646344
2,G10,hsa-miR-1287,0.97816409,1.174969477,0.719334004,1.136322813,1.029216138,1.336426805
2,H10,hsa-miR-1288,1.0978481,1.28112867,0.873067372,1.044680068,0.944398686,1.186078062
2,B11,hsa-miR-1289,1.061636773,0.979785254,0.932012646,1.096136005,1.079001337,1.421355292
2,A11,hsa-miR-1289,1.182939469,1.043874486,0.937323872,1.152182948,1.158799709,1.397373963
2,E11,hsa-miR-129-5p,1.022750906,1.015767062,0.771664623,1.039552394,0.932484729,1.365440457
2,H11,hsa-miR-129-5p,1.041859518,1.263046542,0.975708304,1.071093727,0.975527171,1.240626084
2,F11,hsa-miR-129*,1.094117909,0.956927467,0.85801335,1.169235539,1.028911918,1.368919562
2,C11,hsa-miR-1290,1.111924413,0.99090427,0.997148905,1.080216244,0.940545707,1.452543333
2,D11,hsa-miR-1291,1.071349424,1.006543733,0.82031315,0.964902518,0.918340069,1.431606367
2,G11,hsa-miR-1292,0.942304612,1.187656081,0.835790782,1.086894152,0.936489829,1.268148616
3,A2,ath-miR416,1.046490085,1.053249539,0.951318479,1.099597869,1.106283836,1.043251693
3,B2,cel-miR-243,0.953509915,0.946750461,1.048681521,0.900402131,0.893716164,0.956748307
3,C2,hsa-miR-129-3p,0.86423758,1.068442284,1.049225721,0.91237856,1.026859109,1.115225501
3,D2,hsa-miR-1293,0.843915995,0.858182488,0.950547607,0.862946609,1.000250546,1.158569124
3,E2,hsa-miR-1294,0.809404981,0.922517135,0.96632886,0.931458609,1.072710013,1.090396345
3,F2,hsa-miR-1295,0.786872996,0.781506138,1.072761493,0.833240415,0.835838895,0.951782516
3,G2,hsa-miR-1296,0.824236165,0.747932114,0.888420287,0.90738839,0.92428346,1.16991082
3,H2,hsa-miR-1297,0.763235745,0.934558738,0.978844995,0.986291734,0.966526381,1.145388256
3,A3,hsa-miR-1298,0.975186229,1.093951007,1.278688489,0.922358888,0.992182821,1.072556189
3,B3,hsa-miR-1299,1.035687598,1.081496754,1.27229443,1.034138599,0.977049565,1.143303831
3,C3,hsa-miR-1301,0.931690954,1.059664232,1.283223359,0.84556909,1.071206667,1.207369078
3,D3,hsa-miR-1302,0.818246654,0.919065947,1.008321417,0.776293793,1.067097676,1.242436307
3,H3,hsa-miR-1302,0.870262754,0.948888667,0.975081071,0.884081432,1.072910412,1.107194295
3,G3,hsa-miR-1302,0.895611238,0.871799666,1.031675838,0.747409533,1.053267191,1.217484607
3,C4,hsa-miR-1302,0.8890513,1.008084078,1.008140066,1.05738698,0.845810774,0.982435721
3,E3,hsa-miR-1302,0.98399229,0.964306494,0.971407856,0.759385915,1.026558428,1.090028538
3,B4,hsa-miR-1302,0.875824425,0.99814311,1.054667483,1.048991738,0.911956332,0.908868028
3,F3,hsa-miR-1302,1.020357191,0.923830048,1.004285426,0.829659226,0.990278676,1.039695915
3,A4,hsa-miR-1302,1.025954525,0.960442656,1.342040174,1.062767623,0.982160811,0.975814641
3,D4,hsa-miR-1303,0.665977416,0.828397277,0.907013166,1.002847318,0.952144747,0.960242756
3,E4,hsa-miR-1304,0.72451779,0.903160444,0.93884774,0.918014536,0.956303879,1.006590479
3,F4,hsa-miR-1305,0.781881695,0.907662007,1.005328431,1.021986137,1.028512796,0.990405523
3,G4,hsa-miR-1306,0.732575112,0.859945629,0.952497588,1.017406898,1.069152171,1.076847682
3,H4,hsa-miR-1307,0.778102592,0.837137758,1.119107559,0.929990966,0.998997823,1.050669816
3,B5,hsa-miR-130a,0.996684342,1.075419677,1.319048667,1.027152424,0.963670113,1.277626269
3,A5,hsa-miR-130a*,0.918713659,1.159148462,1.354828441,0.97681538,0.953046719,1.151457581
3,D5,hsa-miR-130b,0.910228506,0.913476492,0.858127606,0.764904495,0.878883589,1.180332954
3,C5,hsa-miR-130b*,0.954829089,1.085998378,1.085595081,0.895001042,0.778462635,1.156423372
3,F5,hsa-miR-132,0.997147837,0.945137378,1.008004028,0.796137042,0.94036884,1.105968218
3,E5,hsa-miR-132*,0.876894019,0.948888667,0.923021091,0.794082267,0.870765724,1.057045633
3,G5,hsa-miR-1321,0.891333027,0.950651808,0.992041359,1.09560575,0.988825472,0.991570373
3,H5,hsa-miR-1322,0.835038658,0.797936824,1.106183263,1.10752341,1.06840054,1.012475844
3,A6,hsa-miR-1323,1.025883314,1.196961511,1.306940556,1.123315843,0.987472467,1.058455759
3,B6,hsa-miR-1324,0.92505974,1.071293309,1.338367033,0.989755491,0.897825237,1.285105619
3,D6,hsa-miR-133a,0.958643747,0.867785839,1.048726842,0.938679671,1.048406568,1.20914691
3,C6,hsa-miR-133a,0.778066929,0.95612866,1.092714766,0.935861731,0.90794754,1.019771335
3,E6,hsa-miR-133b,0.928589263,0.806227139,1.004285426,1.015175994,0.979354601,0.975875957
3,F6,hsa-miR-134,0.988840936,0.984901066,1.246445828,0.853964235,0.912457412,1.081690829
3,G6,hsa-miR-135a,1.000534772,1.019900598,1.044237359,1.177738049,1.012477475,1.354995003
3,A7,hsa-miR-135a,1.060857823,1.029991624,1.394871156,1.183373928,1.056674692,1.302332692
3,H6,hsa-miR-135a*,0.841135159,0.730188514,1.030134028,0.956526878,0.971286877,1.035588382
3,B7,hsa-miR-135b,1.043388342,1.090237288,1.370065568,1.059265638,1.020194459,1.549888137
3,C7,hsa-miR-135b*,1.051231748,1.08689858,1.164954756,1.051222642,0.914211309,1.161389263
3,D7,hsa-miR-136,0.963563721,0.987226846,0.914676977,1.038189476,1.076117514,1.386751743
3,E7,hsa-miR-136*,1.156404803,1.015736721,1.067909243,1.012358054,1.023150927,1.446893304
3,F7,hsa-miR-137,1.164676041,1.037006534,1.2660364,1.048874295,1.08799362,1.481102274
3,G7,hsa-miR-138,1.095939214,0.941723706,1.149853733,0.996154619,1.180146367,1.425742557
3,A8,hsa-miR-138,1.172127379,1.047547596,1.318776461,0.252385008,1.128532786,1.527940435
3,H7,hsa-miR-138-1*,1.034118888,0.808065298,1.051719819,0.995626256,1.039086048,1.510038963
3,B8,hsa-miR-138-2*,1.00524088,0.985163665,1.171757052,1.104940273,1.016085385,1.46258782
3,D8,hsa-miR-139-3p,0.916289336,0.90267283,1.066775521,1.100713364,1.064291466,1.302332692
3,C8,hsa-miR-139-5p,0.927127551,0.967044924,1.237149425,1.038424278,1.060082192,1.425497382
3,F8,hsa-miR-140-3p,0.829334391,0.971696545,1.111352967,1.080811381,1.048005676,1.183643443
3,E8,hsa-miR-140-5p,0.824557013,0.839988722,1.018932966,1.060498479,1.01418123,1.344082431
3,H8,hsa-miR-141,0.779279119,0.869323828,1.073260297,1.05233804,1.021447254,1.391962709
3,G8,hsa-miR-141*,0.796926802,0.914526867,0.921842057,1.052220693,1.013880549,1.378414033
3,B9,hsa-miR-142-3p,1.024171965,1.095188957,1.288665205,1.130713021,0.973842464,1.545167508
3,A9,hsa-miR-142-5p,1.011016417,1.213879757,1.426750977,1.143452615,1.032822279,1.670416622
3,D9,hsa-miR-143,0.923241457,1.030929343,1.260050289,1.047758885,0.976899224,1.637617677
3,C9,hsa-miR-143*,1.088095808,1.04132047,1.298052241,1.0981889,0.954099043,1.447935509
3,F9,hsa-miR-144,0.913722423,0.901734989,1.127995874,1.020635853,1.091651661,1.426478272
3,E9,hsa-miR-144*,0.875574896,0.891006299,1.140239867,1.093961894,0.975145328,1.499249022
3,G9,hsa-miR-145,0.955934297,0.879414793,0.982336785,1.051633561,0.973742264,1.344756829
3,H9,hsa-miR-145*,0.850475933,0.856606983,0.982291464,1.135233503,1.036730861,1.49066615
3,A10,hsa-miR-1468,1.123854676,1.142080042,1.331746153,1.305427538,0.96266793,1.601385597
3,B10,hsa-miR-1469,1.0391814,0.958942115,1.242455232,1.214665208,0.911906191,1.484842
3,C10,hsa-miR-146a,1.048058795,0.820482042,1.168174479,1.168873118,0.93069757,1.344082431
3,D10,hsa-miR-146a*,0.976184555,0.787170618,1.20005444,1.154254878,1.001202659,1.418753645
3,F10,hsa-miR-146b-3p,1.072480332,0.798724546,1.189306861,1.039774574,1.033273219,1.494405775
3,E10,hsa-miR-146b-5p,0.980890547,0.814630049,1.205904373,1.099480414,1.066496302,1.183336952
3,G10,hsa-miR-147,1.021605045,0.812079132,1.18250463,0.951301918,1.03362397,1.427949613
3,H10,hsa-miR-1470,0.959142914,0.920228802,1.031041004,0.954824337,0.995790804,1.452594809
3,A11,hsa-miR-1471,1.243787645,0.961155414,1.382581629,1.055214749,0.95600327,1.515863113
3,B11,hsa-miR-147b,1.06948558,1.014086122,1.336643724,1.063844781,0.933152957,1.37314165
3,D11,hsa-miR-148a,1.085101057,0.987902087,1.229349511,0.949129688,1.011976394,1.330594982
3,C11,hsa-miR-148a*,1.135869353,1.080446371,1.268575893,1.003199564,0.970434963,1.24887354
3,F11,hsa-miR-148b,0.997753878,0.892731862,1.120876115,0.904394334,1.011926253,1.359776847
3,E11,hsa-miR-148b*,1.048272653,0.890593649,1.169126851,0.887603863,0.966526381,1.330717614
3,G11,hsa-miR-149,0.980890547,0.799362279,1.109493703,0.907212274,1.001052318,1.405021022
3,H11,hsa-miR-149*,1.022745909,0.844377744,1.047185023,1.04541055,1.042293057,1.406553692
4,A2,ath-miR416,0.927160834,1.025301761,1.131917087,1.108790903,0.972900528,1.036896405
4,B2,cel-miR-243,1.072839166,0.974698239,0.868082913,0.891209097,1.027099472,0.963103595
4,C2,hsa-miR-150,0.936112865,0.944729068,1.061943379,0.794690168,0.988733325,0.920721969
4,D2,hsa-miR-150*,0.816917735,0.787654417,0.777047768,0.847221925,0.686073022,0.815049187
4,F2,hsa-miR-151-3p,0.963424993,0.742209429,0.943787426,0.831179042,0.867927339,0.749273348
4,E2,hsa-miR-151-5p,0.926912125,0.772985686,0.802014899,1.044706542,0.735556868,0.90168773
4,G2,hsa-miR-152,0.999564833,0.730523569,0.691779846,0.802144898,0.740817925,0.701922193
4,H2,hsa-miR-153,0.969931769,0.692798974,0.805263528,0.906031389,0.853980538,0.774542919
4,A3,hsa-miR-153,1.073709492,0.894546607,1.033216533,0.898140693,0.941135566,0.844678876
4,B3,hsa-miR-1537,1.068611791,0.88942311,1.061322844,0.975129155,0.884455019,0.884435053
4,C3,hsa-miR-1538,1.149926362,0.980734156,0.87731789,0.865618963,0.972205644,0.927894975
4,D3,hsa-miR-1539,0.974200604,0.865911034,0.829865675,0.842295752,0.717788346,0.993764678
4,E3,hsa-miR-154,1.007853796,0.946343371,0.869834999,0.96139678,0.825193582,0.81275201
4,F3,hsa-miR-154*,0.976480081,0.879456764,0.822893876,0.786407163,0.723049402,0.781106427
4,G3,hsa-miR-155,0.950204126,1.019300989,0.812527408,0.936068209,0.908824646,0.72030005
4,H3,hsa-miR-155*,0.959404806,0.784215339,0.77416413,0.901017993,0.960343413,0.678059027
4,A4,hsa-miR-15a,1.031228589,0.731014862,1.136224305,0.79321209,0.905995636,0.847866843
4,B4,hsa-miR-15a*,0.898481023,0.727154723,0.864104261,0.974954825,0.945403971,0.827191722
4,C4,hsa-miR-15b,1.160038964,0.692658618,0.959556133,0.701135626,0.825689902,0.876746355
4,D4,hsa-miR-15b*,0.775431554,0.683183623,0.747627371,0.761994035,0.745979694,0.81870604
4,E4,hsa-miR-16,0.969890377,0.734524179,0.671995941,0.892342599,0.685576701,0.867510571
4,G4,hsa-miR-16,0.948877844,0.783267832,0.811432334,0.946879708,0.801220918,0.718659169
4,F4,hsa-miR-16-1*,0.991234419,0.745718681,0.746167313,0.723630626,0.783650958,0.761790895
4,H4,hsa-miR-16-2*,1.116936392,0.843451734,0.817345597,0.876125315,0.900982699,0.794796058
4,A5,hsa-miR-17,0.912903784,0.88633492,0.934150987,0.729060382,0.863609285,0.925550895
4,B5,hsa-miR-17*,1.021281843,0.836643752,1.008869869,1.011400043,0.956223923,0.939803102
4,C5,hsa-miR-181a,1.152827583,0.721329336,0.974412338,0.947838808,0.906591233,0.997796533
4,E5,hsa-miR-181a,1.006942002,0.731295632,1.098335574,0.882054235,0.78151675,0.95433661
4,F5,hsa-miR-181a-2*,1.042750273,0.865946121,0.934844537,0.968328376,0.772632525,0.934270977
4,D5,hsa-miR-181a*,0.989245051,0.80625352,0.914841576,0.861869815,0.684981094,0.930989223
4,H5,hsa-miR-181b,1.144289912,0.884896118,0.802781413,0.872376157,0.838395861,0.89807778
4,G5,hsa-miR-181b,1.044656713,0.746560919,0.927580658,0.806940317,0.796605107,0.707688716
4,A6,hsa-miR-181c,0.872826754,0.921848706,0.934406476,0.899840906,0.969773679,0.994467876
4,B6,hsa-miR-181c*,1.01469214,0.945009781,1.077967568,1.019290738,0.958953727,0.98359121
4,C6,hsa-miR-181d,0.98199221,0.930095489,0.853555267,0.846393643,0.91259673,0.956258785
4,D6,hsa-miR-182,0.910748705,0.84359209,0.853920311,0.912178216,0.746327182,0.877215153
4,E6,hsa-miR-182*,0.920902639,0.822887441,0.707147023,0.984894393,0.814472916,0.847163646
4,F6,hsa-miR-1825,1.085728457,0.871174894,0.579829177,0.938901852,0.956918806,0.919034194
4,G6,hsa-miR-1827,1.050790519,0.927603854,0.600525629,1.044401323,1.038912055,0.863806835
4,H6,hsa-miR-183,1.059286722,0.713468586,0.760001468,0.888767844,0.967887591,0.88640412
4,A7,hsa-miR-183*,1.180844248,0.721013486,1.002774139,0.991869574,0.923367043,0.876418169
4,B7,hsa-miR-184,1.260335317,0.868928992,1.024857693,1.015105616,1.026851271,0.932348803
4,C7,hsa-miR-185,1.16260848,0.848715645,0.868484443,0.934760386,1.024965264,1.027707437
4,D7,hsa-miR-185*,1.105041739,0.843556995,0.82241933,0.938509543,0.96173318,0.888045002
4,E7,hsa-miR-186,1.20239547,0.795409906,0.953715887,0.802886011,1.023327378,0.840412545
4,F7,hsa-miR-186*,1.131151973,0.794076366,0.722587216,0.933888455,1.016775841,0.945522732
4,H7,hsa-miR-187,1.116646275,0.820115101,0.633450137,1.051202173,0.922374392,0.878574742
4,G7,hsa-miR-187*,1.068072974,0.7461398,0.779018858,0.990082192,1.069336898,0.843928708
4,B8,hsa-miR-188-3p,1.158422573,0.892335749,1.092093804,0.928918635,1.028985468,0.935818073
4,A8,hsa-miR-188-5p,0.97846944,0.839521355,0.931741895,1.014538905,1.027546144,1.00595403
4,C8,hsa-miR-18a,0.909132305,0.812675469,0.794605039,0.84356,1.017272161,1.026676044
4,D8,hsa-miR-18a*,1.114159559,0.766353155,0.753540694,0.967587263,1.02402218,0.955789986
4,E8,hsa-miR-18b,0.997119577,0.771617066,0.788034763,0.853281582,1.061346037,0.976043125
4,F8,hsa-miR-18b*,0.86851645,0.796427588,0.751423564,1.000326981,1.025263022,0.936755747
4,G8,hsa-miR-190,0.98410589,0.734032879,0.888888874,0.936591344,1.025213384,0.816549456
4,H8,hsa-miR-1908,0.968605555,0.739121288,0.924514554,0.924907914,1.009876898,1.041537748
4,B9,hsa-miR-1909,1.218766208,0.875315854,1.064461972,0.939904536,0.986896967,1.010220361
4,A9,hsa-miR-1909*,1.035911861,0.87050815,0.995619762,1.025655552,1.091621955,1.018049672
4,C9,hsa-miR-190b,1.303976646,0.812570208,0.94984673,0.889029407,0.897160967,1.041162659
4,D9,hsa-miR-191,1.021944989,0.719188653,0.88385168,0.80968679,0.962179863,0.988654459
4,E9,hsa-miR-191*,1.00901423,0.738033432,0.923273493,0.875427787,1.010770263,0.97065169
4,F9,hsa-miR-1910,0.923472215,0.622403158,0.814388996,0.921463904,0.902918344,0.830989178
4,G9,hsa-miR-1911,0.961850063,0.765616236,0.85647539,0.92647731,0.877208598,0.91350207
4,H9,hsa-miR-1911*,1.00018645,0.649459582,0.798875778,0.867624324,0.972553051,0.834411622
4,A10,hsa-miR-1912,1.279980031,0.873631377,0.971382713,1.01650068,1.041195106,1.061040786
4,B10,hsa-miR-1913,1.147439774,0.9226558,1.038217241,0.898140693,1.044421231,0.945850928
4,C10,hsa-miR-1914,1.137990317,0.83190623,0.943422382,0.870675953,0.856759981,0.925410206
4,D10,hsa-miR-1914*,0.975775535,0.780811349,0.862644196,0.836410426,0.918006701,0.917674614
4,F10,hsa-miR-1915,0.853264823,0.68448201,0.712147791,0.846873192,0.862765477,0.895264902
4,E10,hsa-miR-1915*,0.952607922,0.746596014,0.766243238,0.913834852,1.0229799,0.863478639
4,G10,hsa-miR-192,0.906023972,0.753088138,0.763724637,0.838720934,0.981635911,0.895124212
4,H10,hsa-miR-192*,1.20803192,0.753263639,0.76113302,0.835364165,0.840827826,0.874777287
4,B11,hsa-miR-193a-3p,1.247818918,1.032425593,1.236056359,0.976349817,1.032906487,0.977168305
4,A11,hsa-miR-193a-5p,1.302318786,0.90588153,1.304314527,0.839113314,1.07315863,1.044022508
4,D11,hsa-miR-193b,1.1556872,0.808710011,1.023434113,0.707195364,0.808070294,0.803328634
4,C11,hsa-miR-193b*,1.218683279,0.934622423,1.111768199,0.843647169,1.017123237,0.861134559
4,F11,hsa-miR-194,1.091074866,0.751544067,0.725580363,0.911437103,0.989428208,0.915564934
4,E11,hsa-miR-194,1.221833141,0.806534233,0.989414471,0.806068386,0.949374628,0.98359121
4,G11,hsa-miR-194*,1.248855092,0.715433775,0.99156814,0.910085695,0.955727602,0.915471147
4,H11,hsa-miR-195,1.192034228,0.723294526,0.794313071,0.93480397,0.847677202,0.852367574
5,A2,ath-miR416,1.063249889,0.940234102,1.042249459,1.082532807,0.883662859,1.045400843
5,B2,cel-miR-243,0.936750111,1.059765898,0.957750541,0.917467193,1.116337141,0.954599157
5,C2,hsa-miR-195*,1.11017767,1.092261804,1.018439945,0.830748234,0.887019635,0.792970636
5,E2,hsa-miR-196a,0.978680409,1.082819155,0.694771845,0.984841847,0.856496045,0.860214191
5,D2,hsa-miR-196a,1.074414749,1.047001974,0.752894288,0.913016675,0.692792569,0.739450253
5,F2,hsa-miR-196a*,0.95918618,1.079432756,0.739614441,1.177491876,0.923085956,0.980482566
5,G2,hsa-miR-196b,1.110603085,0.925809587,0.816124483,0.987661966,0.803645651,0.909350781
5,H2,hsa-miR-196b*,1.12485152,1.057095833,0.778642142,0.96717195,0.783309611,0.907978446
5,A3,hsa-miR-197,1.021567668,1.011347489,1.061658491,1.104653222,0.915864873,0.703083899
5,B3,hsa-miR-1972,1.01362822,0.95335619,1.030907872,1.157706922,0.864380619,0.803415531
5,C3,hsa-miR-1973,0.99268076,1.032968085,1.04274713,1.007535013,0.81355997,1.207448575
5,D3,hsa-miR-1976,0.791571381,0.963743202,0.67813925,0.708336988,0.764066416,0.643121239
5,E3,hsa-miR-198,0.847891966,0.886410653,0.660511268,0.965761881,0.791701644,0.752754159
5,G3,hsa-miR-199a-3p,0.804154045,0.906761277,0.685944788,0.910064382,0.862741248,0.833644611
5,A4,hsa-miR-199a-3p,1.238520499,0.877260943,0.841688913,0.802265656,0.979995726,0.704379952
5,F3,hsa-miR-199a-5p,0.74017754,0.950197826,0.705275256,1.09606068,0.823201057,0.780009903
5,H3,hsa-miR-199a-5p,1.234160905,0.920567244,0.723112794,1.096369101,0.806377932,0.854991795
5,C4,hsa-miR-199b-3p,1.278997566,1.128307015,0.91191264,1.066096795,0.938269653,0.922235296
5,B4,hsa-miR-199b-5p,1.271696131,1.057356317,0.870108383,1.103419409,0.822498465,0.935577307
5,E4,hsa-miR-19a,1.12896303,1.088777833,0.799072731,1.217634691,0.907394735,0.813441041
5,D4,hsa-miR-19a*,1.060768716,1.063966204,0.865996099,1.168018017,0.928160208,0.828993999
5,G4,hsa-miR-19b,0.904247972,0.98025169,0.791267193,1.328456948,0.950174672,0.914039508
5,A5,hsa-miR-19b,1.228596164,0.853751836,0.829875869,0.737381733,0.954624422,0.716273346
5,F4,hsa-miR-19b-1*,0.71518955,1.064519835,0.913562779,1.28359914,0.995296574,0.694926225
5,H4,hsa-miR-19b-2*,1.076505877,0.958924141,0.800015729,1.189609617,0.884209321,0.835855557
5,C5,hsa-miR-200a,1.011218035,0.880256556,0.896877795,1.080902491,0.816331303,0.758700832
5,B5,hsa-miR-200a*,1.093235478,0.934601026,0.861883814,1.201066433,0.851890158,0.823695328
5,E5,hsa-miR-200b,1.300228597,0.793904539,0.777018136,1.105402302,0.850836293,0.87519531
5,D5,hsa-miR-200b*,1.131160624,0.846751229,0.863402962,1.030272333,0.939830984,0.788129408
5,G5,hsa-miR-200c,1.000655694,0.833987251,0.89695636,1.127654881,0.865746824,0.981511784
5,F5,hsa-miR-200c*,0.861963239,0.780000945,0.80336844,1.187053827,0.89911978,0.986962957
5,A6,hsa-miR-202,1.074946404,0.897155823,1.024909592,0.938662207,0.946544601,0.912667235
5,H5,hsa-miR-202*,1.12485152,0.806147549,0.91429614,1.116903127,0.878666655,0.950863375
5,B6,hsa-miR-203,1.164903288,0.971525268,0.71913142,1.106768352,1.002166336,0.813784151
5,C6,hsa-miR-204,1.215233826,0.96774825,0.814264701,1.158323828,1.072230108,0.699843672
5,D6,hsa-miR-205,1.302390706,0.936945389,0.893184536,1.153829237,0.811686419,0.748637216
5,E6,hsa-miR-205*,1.300583039,0.864334208,0.83665985,1.063585088,0.93233667,0.690161216
5,F6,hsa-miR-2052,1.272086059,0.822688545,0.956467077,1.094121797,0.995179424,0.879693484
5,G6,hsa-miR-2053,1.291084002,0.907412487,0.930928779,1.182338971,0.812857377,0.844585007
5,H6,hsa-miR-2054,1.223988493,0.747928273,0.893315533,1.253062504,0.918909438,0.756489886
5,A7,hsa-miR-206,1.256207054,0.938019988,0.697260204,1.069005016,1.080153727,0.808981036
5,B7,hsa-miR-208a,1.266982102,0.977483945,0.749148683,1.046179603,1.114268465,0.86280636
5,C7,hsa-miR-208b,1.27669373,0.931703147,0.744695851,1.008107909,1.038427783,0.721953247
5,D7,hsa-miR-20a,1.282045764,0.943946103,0.723060362,0.981492904,1.093307865,0.819959545
5,E7,hsa-miR-20a*,1.290233406,0.934633588,0.769212592,1.049484464,0.999199812,0.808637927
5,F7,hsa-miR-20b,1.289382685,0.864106286,0.795484337,1.004626801,0.893694271,0.687340326
5,G7,hsa-miR-20b*,1.300299461,0.92281392,0.941746566,0.929673089,1.007435771,0.961231995
5,H7,hsa-miR-21,1.375724346,0.865376151,1.004190887,0.935401429,0.971213313,0.91331523
5,A8,hsa-miR-21*,1.207046294,0.904449483,0.881633394,0.972944436,0.945334598,0.824343386
5,B8,hsa-miR-210,1.220266912,1.123032103,0.877678238,0.958403079,1.052245332,0.853276351
5,C8,hsa-miR-211,1.184893679,0.919460083,0.91675828,0.994095377,1.052713754,0.895780111
5,D8,hsa-miR-2110,1.22058586,0.833987251,0.912803206,1.066801793,1.037100623,0.738192314
5,E8,hsa-miR-2113,1.327378702,0.986112687,0.842605692,1.024676168,1.055602173,0.841573564
5,F8,hsa-miR-212,1.235472301,0.936326734,0.845984617,0.929276503,1.114931948,0.999046966
5,H8,hsa-miR-214,1.336381454,0.953193392,0.934752942,0.98233014,0.902164344,0.769831835
5,G8,hsa-miR-214*,1.23958381,0.918776311,0.826051618,0.945756597,1.052908945,0.896809329
5,A9,hsa-miR-215,1.374625548,0.911417534,0.930116772,1.044505205,1.173793431,1.350893864
5,B9,hsa-miR-216a,1.160543694,0.913175797,0.860626487,1.059619312,1.022112059,1.206381243
5,C9,hsa-miR-216b,1.301823564,0.954951763,0.911860213,1.04516612,1.070590745,1.05451146
5,D9,hsa-miR-217,1.324436854,0.862706133,0.912462663,0.994491953,1.120435562,1.075096253
5,E9,hsa-miR-218,1.313768163,0.949872218,0.899366068,0.920287312,0.943851373,0.981893007
5,G9,hsa-miR-218,1.340670177,1.078065218,0.9526167,1.054948465,1.126095379,0.827888498
5,F9,hsa-miR-218-1*,1.286582688,0.904123874,0.872884858,0.965453469,1.100645977,0.919376347
5,H9,hsa-miR-218-2*,1.299696949,0.935447602,0.906962141,1.152198848,1.009426407,0.804635372
5,B10,hsa-miR-219-1-3p,1.155581472,0.99415523,0.983472096,1.101965267,1.190538451,1.026607651
5,D10,hsa-miR-219-2-3p,1.437609664,0.829493845,0.948504329,1.057239842,1.100021417,0.91747035
5,A10,hsa-miR-219-5p,1.232424212,0.950262944,1.015401482,1.505728394,1.242139798,1.21209925
5,C10,hsa-miR-219-5p,1.42609037,0.986340609,0.969406462,1.115845635,1.125470827,1.215072587
5,F10,hsa-miR-22,1.347440073,0.904254116,0.872256275,1.187053827,1.16458164,0.945984033
5,E10,hsa-miR-22*,1.476952447,1.019162224,0.867724884,1.123645023,1.1608736,1.03003843
5,H10,hsa-miR-221,1.123469261,1.003565431,0.907224043,1.128844612,1.060520344,1.046315735
5,G10,hsa-miR-221*,1.089974689,0.944694993,0.963696384,1.037278568,1.094127551,1.069149462
5,B11,hsa-miR-222,1.160401967,0.970939175,0.842055588,1.336036006,1.144792055,0.924446296
5,A11,hsa-miR-222*,1.204671478,1.058984446,0.867227212,1.485370534,1.353227059,1.037205
5,D11,hsa-miR-223,1.228277216,0.910538402,0.967363343,0.981228565,1.085969625,0.730187141
5,C11,hsa-miR-223*,1.393765342,0.957100753,0.969092128,1.273684694,1.161459107,0.958182438
5,E11,hsa-miR-224,1.250323365,0.922292952,0.912410231,1.08663083,1.195144282,0.708611291
5,F11,hsa-miR-224*,1.297286756,0.795369817,1.035203494,1.022120378,1.167587152,0.884992155
5,H11,hsa-miR-23a,1.331738289,0.993080738,1.006888797,1.190226523,1.070434663,0.779056904
5,G11,hsa-miR-23a*,1.245396629,0.912719954,1.008146043,1.240856608,1.151037257,0.911447402
6,A2,ath-miR416,1.094916403,0.971326574,0.975400235,0.989152667,0.821576254,0.980619067
6,B2,cel-miR-243,0.905083597,1.028673426,1.024599765,1.010847333,1.178423746,1.019380933
6,D2,hsa-miR-23b,0.91253899,1.083279229,0.945808894,1.148441694,0.937553861,0.75957288
6,C2,hsa-miR-23b*,0.781044687,0.90846138,0.846693837,1.29087565,0.934323915,0.958180464
6,H2,hsa-miR-24,0.903344028,1.119959601,0.998946038,1.26313151,0.86175712,0.687505892
6,F2,hsa-miR-24,1.165121279,1.080249618,0.938888373,0.945304329,0.891343686,0.898626389
6,E2,hsa-miR-24-1*,0.756597225,1.114116746,1.170806437,1.174850827,0.916494425,0.897403331
6,G2,hsa-miR-24-2*,0.788344731,1.099473379,1.004394942,0.956986131,0.884453074,0.924734224
6,B3,hsa-miR-25,1.007812657,0.998449097,0.828358376,1.09024159,0.92769167,1.007244385
6,A3,hsa-miR-25*,1.114207164,1.087931931,1.208511477,1.106095359,0.940697731,1.230078095
6,C3,hsa-miR-26a,0.967087547,1.086813844,0.888097846,1.019441764,1.059345446,1.340953941
6,E3,hsa-miR-26a,1.015392259,0.887903075,1.035219264,0.961241591,0.873600344,1.047511537
6,D3,hsa-miR-26a-1*,0.742059249,0.943915496,0.947718011,1.321999312,0.897028489,1.21761224
6,F3,hsa-miR-26a-2*,1.062858233,0.913114081,0.990474333,1.156785895,0.886907868,0.950418644
6,G3,hsa-miR-26b,0.842178855,1.120356324,0.978025275,0.710417645,0.885099053,0.899049814
6,H3,hsa-miR-26b*,0.822546335,1.308230543,1.024162265,0.990612889,0.906847565,1.053767994
6,B4,hsa-miR-27a,0.988956713,1.041405156,0.993855067,1.247319453,0.975624512,0.97934895
6,A4,hsa-miR-27a*,1.128683036,1.11188058,1.176374654,0.7629122,1.005469444,1.074701311
6,D4,hsa-miR-27b,0.77874595,1.107444343,1.140419606,1.081271662,0.958484106,1.008749671
6,C4,hsa-miR-27b*,0.995480174,0.960470328,1.108919165,1.044807884,0.919853626,0.953805648
6,F4,hsa-miR-28-3p,1.078110642,0.975402182,0.976076354,0.997830523,0.941429849,0.89161729
6,E4,hsa-miR-28-5p,1.036143077,0.976592403,1.174903103,1.152947574,0.96800172,1.07281967
6,H4,hsa-miR-296-3p,0.866967986,0.980740085,1.062304862,1.201844096,1.129285167,0.742732141
6,G4,hsa-miR-296-5p,0.850876754,1.04129698,1.036889754,0.830864873,0.922437594,0.770956864
6,A5,hsa-miR-297,0.912414787,1.190038303,1.059520754,0.701211022,1.045521127,1.038950094
6,B5,hsa-miR-298,0.996318906,1.07202632,1.241205162,1.132921709,0.97394488,1.047793765
6,D5,hsa-miR-299-3p,0.875976544,0.957657076,1.2504723,1.070048798,0.840224003,0.781588136
6,C5,hsa-miR-299-5p,0.785114101,0.978576062,0.92647907,1.088155511,1.104522041,0.976103142
6,F5,hsa-miR-29a,1.143376322,0.879282994,1.024440705,0.978096721,1.21597761,0.91720765
6,E5,hsa-miR-29a*,1.127067676,1.049917113,1.163169985,1.033000937,1.036391063,0.809436425
6,B6,hsa-miR-29b,0.995728683,1.111375561,0.920990354,1.248612818,1.237209327,1.333333385
6,H5,hsa-miR-29b,1.1832627,1.114585656,1.024917951,0.960699228,1.007019821,1.255433286
6,G5,hsa-miR-29b-1*,1.092462304,1.123494223,1.004434754,1.037965686,1.20073216,1.014488653
6,A6,hsa-miR-29b-2*,1.07363746,1.10311617,1.018275862,1.303183248,0.944918225,0.965942275
6,D6,hsa-miR-29c,1.075718744,1.299538328,1.229472044,1.198256074,1.002799327,0.838884205
6,C6,hsa-miR-29c*,1.064007579,1.172581684,0.879427276,1.105678141,0.91981052,0.99995298
6,E6,hsa-miR-300,1.268285162,1.04576931,1.329064356,0.889357109,0.828079244,0.935741852
6,F6,hsa-miR-301a,1.2111582,1.1554858,1.042855725,1.03996828,1.274332545,0.934706982
6,G6,hsa-miR-301b,1.160989715,1.20024532,1.033668088,1.23275898,1.177907022,0.972292791
6,A7,hsa-miR-302a,0.925710212,0.929380366,1.151675486,1.119445961,1.106459959,1.00282251
6,H6,hsa-miR-302a*,1.15427985,1.295534915,1.171402997,0.954566329,1.067355789,0.812164836
6,C7,hsa-miR-302b,0.845098826,1.193825251,0.95921251,1.124035214,1.107407472,0.95766299
6,B7,hsa-miR-302b*,0.850441937,1.247781885,1.099214469,1.137218951,1.039405749,1.214695651
6,E7,hsa-miR-302c,1.161673144,1.180732907,1.29573429,1.13696853,1.11158486,1.061341637
6,D7,hsa-miR-302c*,0.982464359,1.142681996,1.036690882,0.963494536,0.992032737,0.887430652
6,G7,hsa-miR-302d,1.063572665,1.209045712,0.972138814,0.712169878,1.213092242,1.062564685
6,F7,hsa-miR-302d*,1.091468268,1.176404846,1.203539811,1.106053646,1.200559871,0.970505268
6,H7,hsa-miR-302e,1.198794713,1.331818572,1.12363533,0.917935685,1.154737307,0.9615204
6,A8,hsa-miR-302f,1.017411438,1.183870799,1.12029435,1.168175625,0.962790749,1.146297894
6,B8,hsa-miR-30a,0.905984531,1.121979422,1.184369047,1.174642179,1.139491856,1.462931621
6,C8,hsa-miR-30a*,0.851560176,1.088689388,0.949189629,1.104593424,1.068001758,1.141734901
6,D8,hsa-miR-30b,0.833574065,1.221308523,1.18413042,1.274020658,0.940310118,0.871342556
6,E8,hsa-miR-30b*,0.967739972,1.149823308,1.183136115,1.250907483,0.879155964,0.929156108
6,H8,hsa-miR-30c,1.094760996,1.301522048,1.096549666,1.229254391,1.192807895,0.966694917
6,F8,hsa-miR-30c,1.166270625,1.038808369,1.080123322,0.912470284,0.976098202,0.984617595
6,G8,hsa-miR-30c-1*,1.108802051,1.340330416,1.097066733,0.810838999,1.101981107,0.968999914
6,A9,hsa-miR-30c-2*,0.957395567,1.169047062,1.127453556,1.341232394,0.972437609,1.245601647
6,B9,hsa-miR-30d,0.957768382,1.224590693,1.212806949,1.140848624,0.990223993,1.202794261
6,C9,hsa-miR-30d*,1.038814584,1.258638071,1.064412852,1.216154149,1.021274787,1.047793765
6,D9,hsa-miR-30e,0.960067068,1.035814746,1.139027556,0.956610626,0.997588357,0.978125902
6,E9,hsa-miR-30e*,1.00305977,1.288898494,1.081992627,1.212399391,0.984453113,1.010537262
6,F9,hsa-miR-31,1.027600443,1.126523827,1.08740185,0.766865515,1.159216239,1.043042594
6,G9,hsa-miR-31*,1.158597721,1.229748286,0.938570129,0.838207712,1.160594327,1.024179174
6,H9,hsa-miR-32,1.179472851,1.389381776,1.046753518,1.052359302,1.203187016,0.919418597
6,A10,hsa-miR-32*,1.057235615,1.082954701,1.395962975,1.282907084,1.192851001,1.272321016
6,B10,hsa-miR-320a,1.070748448,1.235519074,1.078810773,1.006216367,0.882601225,1.018440113
6,C10,hsa-miR-320b,1.046891307,1.107877047,1.131112664,1.22829488,0.95516802,1.325477515
6,D10,hsa-miR-320b,0.999145717,1.342314128,1.279228453,1.064249674,0.835357467,0.965095514
6,E10,hsa-miR-320c,0.953636818,1.221236448,1.109714663,1.213525768,0.900086137,0.979819365
6,F10,hsa-miR-320c,1.195843596,1.289078865,0.997355107,0.844382333,0.96253232,0.989651004
6,G10,hsa-miR-320d,1.156516437,1.233210713,1.056140027,1.053068522,1.02398801,1.113086823
6,H10,hsa-miR-320d,1.206964532,1.2914593,1.152152732,1.188326566,0.940783871,0.952018057
6,B11,hsa-miR-323-3p,1.149806675,1.25975615,1.221755958,1.141307562,1.05167962,1.083639121
6,A11,hsa-miR-323-5p,1.199043222,1.357209828,1.442935275,1.343902556,1.149181759,1.394721964
6,D11,hsa-miR-324-3p,1.045307041,1.014967895,1.177488273,1.004672712,1.044143039,1.022250464
6,C11,hsa-miR-324-5p,0.990354568,1.286157437,1.064174233,1.148692114,1.124978533,1.038667788
6,E11,hsa-miR-325,1.119581279,1.406189113,1.214278632,1.158371193,0.930103421,0.957851168
6,F11,hsa-miR-326,1.235481465,1.230036833,1.135607075,1.085986061,1.005383295,1.022909057
6,G11,hsa-miR-328,1.189817159,1.21860344,1.102117891,1.013267144,0.944229141,0.94684354
6,H11,hsa-miR-329,1.149061045,1.273064966,1.096549666,1.151278713,0.940267013,0.824724819
7,A2,ath-miR416,1.006346504,0.960395039,1.043843619,0.96786146,1.145286553,1.132184439
7,B2,cel-miR-243,0.993653496,1.039604961,0.956156381,1.03213854,0.854713447,0.867815561
7,C2,hsa-miR-329,0.873536543,0.933120308,0.944353663,0.979471855,0.82504012,0.980463825
7,E2,hsa-miR-330-3p,0.831410917,0.757795385,0.942097693,0.876262927,0.696585859,0.962517585
7,D2,hsa-miR-330-5p,0.760959394,0.825648077,0.826881597,0.8942961,1.126979346,0.604214232
7,G2,hsa-miR-331-3p,0.852577511,0.849175843,0.883737656,0.761147193,0.584182896,0.625632787
7,F2,hsa-miR-331-5p,0.948553368,0.825967654,0.821748499,1.094933404,0.787167563,0.86361228
7,H2,hsa-miR-335,0.815293884,0.984532713,0.951317586,0.951853971,0.74712595,0.986531189
7,A3,hsa-miR-335*,0.989295641,1.039459747,1.001667452,1.006052167,1.113227206,0.876075983
7,C3,hsa-miR-337-3p,0.812457813,0.99713895,0.918851764,1.1778365,0.889158813,1.052723945
7,B3,hsa-miR-337-5p,0.993238367,0.997748857,0.902308224,1.077344868,1.274218021,0.85308579
7,E3,hsa-miR-338-3p,0.830961281,0.915460055,0.770221672,0.912625622,0.730337047,0.781995257
7,D3,hsa-miR-338-5p,0.712193231,0.937913027,0.893938383,1.313752087,0.858964933,0.641166707
7,G3,hsa-miR-339-3p,0.877686837,0.966843329,0.909533804,0.847113462,0.726302532,1.017306578
7,F3,hsa-miR-339-5p,1.137911315,0.97637068,0.757405359,1.335638875,0.756409712,0.710722071
7,H3,hsa-miR-33a,0.824355365,1.013753539,1.013993376,1.00397718,0.89761836,0.722637477
7,A4,hsa-miR-33a*,1.067321475,0.838283355,0.98205065,0.903053798,1.110580878,1.040113996
7,B4,hsa-miR-33b,1.017794362,0.987611689,0.966520637,1.052888999,1.07717669,0.876404906
7,C4,hsa-miR-33b*,0.911062295,0.965187758,1.011345035,0.981398626,1.123248485,0.771834281
7,D4,hsa-miR-340,0.803603843,1.015873991,0.882364452,1.342259325,0.787254336,0.65202218
7,E4,hsa-miR-340*,0.749580609,1.014944416,0.958248863,1.041031558,1.117565393,0.999250745
7,G4,hsa-miR-342-3p,0.806024843,0.978723382,0.928202486,0.972703189,0.772981643,1.024360875
7,F4,hsa-miR-342-5p,0.96646894,0.984445586,0.985647002,0.977989647,0.82595118,0.691971742
7,H4,hsa-miR-345,1.110069676,0.911654907,0.900346563,1.523825968,0.911196945,0.691606236
7,A5,hsa-miR-346,0.941255747,0.812548112,0.821356176,0.830018547,1.224762527,0.733383289
7,B5,hsa-miR-34a,0.987946788,0.974685978,0.838063151,1.163459362,0.9555334,0.976333613
7,C5,hsa-miR-34a*,0.979404017,0.998591208,0.776400957,1.155752039,0.798143248,0.683272743
7,E5,hsa-miR-34b,1.037750542,0.965478191,0.768946583,1.06237495,0.727604019,0.62179502
7,D5,hsa-miR-34b*,0.879727445,0.956444671,0.741156067,1.374027255,0.719968761,0.890367179
7,G5,hsa-miR-34c-3p,1.097203722,0.861055806,0.900215735,1.141671405,0.848379684,1.026773134
7,F5,hsa-miR-34c-5p,1.101077325,0.997777904,0.877100634,1.042958411,0.790551407,0.995741893
7,A6,hsa-miR-361-3p,0.991612881,0.817776478,0.916661215,1.208122294,1.018133708,0.797236794
7,H5,hsa-miR-361-5p,1.18826845,0.861404417,0.931929673,1.022553748,0.897401397,0.715108135
7,C6,hsa-miR-362-3p,0.97055004,0.847229658,1.025207583,1.196166104,0.92520933,0.814159631
7,B6,hsa-miR-362-5p,1.023258994,0.90546801,0.876773672,1.240532614,1.148193127,0.940697047
7,E6,hsa-miR-363,0.990091097,0.872151596,0.878931521,1.168350548,0.971975213,0.78875711
7,D6,hsa-miR-363*,0.942224149,0.852080463,0.935820341,1.119982207,0.996833155,0.76521868
7,F6,hsa-miR-365,1.072993496,0.865993739,0.826325739,1.011980924,0.960262013,1.016356244
7,H6,hsa-miR-365,1.09540519,0.900297724,0.863041899,0.965144092,0.92555641,0.705093282
7,G6,hsa-miR-365*,1.126705526,0.875056306,1.008696797,1.304612013,0.871111914,0.714121262
7,B7,hsa-miR-367,1.056115578,0.942938092,0.80213169,1.281243018,1.039304134,0.84398474
7,A7,hsa-miR-367*,0.904594696,0.885309744,0.924900227,1.441219293,1.02867553,0.798114006
7,D7,hsa-miR-369-3p,0.998737563,0.980843828,0.817498215,1.434450628,0.827946765,0.710868262
7,C7,hsa-miR-369-5p,0.960693102,0.946626977,0.780226258,1.492996696,0.846904716,0.669091201
7,E7,hsa-miR-370,1.091012763,0.976661114,0.788072954,1.136582547,0.875927299,0.707067026
7,G7,hsa-miR-371-3p,1.163089829,0.986362634,0.882822189,1.377337556,0.88091623,0.781739412
7,F7,hsa-miR-371-5p,1.138360894,0.993885713,0.93578758,1.111434985,0.904559448,0.74401944
7,H7,hsa-miR-372,1.161429778,0.959872168,0.919440275,1.487710319,0.944514361,0.757945122
7,B8,hsa-miR-373,0.997423283,0.920833641,0.829595243,1.341419426,1.068500253,0.872969175
7,A8,hsa-miR-373*,0.845833221,0.677510717,0.822696673,1.431782798,1.297904666,0.859080024
7,C8,hsa-miR-374a,1.035952003,0.714864584,0.77094095,1.428917287,0.969545776,0.725598033
7,D8,hsa-miR-374a*,0.797758819,0.869334103,0.812757447,1.389244372,0.924949013,0.722600946
7,E8,hsa-miR-374b,0.869732126,0.819374053,0.776891394,1.436871656,1.007505104,0.712476493
7,F8,hsa-miR-374b*,0.943400056,0.773887152,0.846302217,1.012376186,0.957745875,0.781776004
7,G8,hsa-miR-375,0.972867288,0.772638145,0.854083547,1.128430587,0.813326992,0.623293537
7,A9,hsa-miR-376a,1.064416274,0.880517025,0.862388028,1.171364347,1.217213969,1.047935783
7,B9,hsa-miR-376a,1.038442189,0.878483803,0.808441749,1.213507583,1.137564523,0.801184222
7,H8,hsa-miR-376a*,1.008386997,0.760787181,0.851598742,1.49902413,0.915578478,0.757287233
7,C9,hsa-miR-376b,0.948034659,0.863001992,0.887693684,1.494725949,0.95644438,0.724720883
7,D9,hsa-miR-376c,0.964462897,0.79607873,0.77587786,1.343247439,0.970847262,0.692044811
7,F9,hsa-miR-377,1.020492167,0.848740099,0.914339939,1.508263116,0.952149619,1.084595874
7,E9,hsa-miR-377*,0.959378822,0.861811024,0.856895314,1.409994841,0.9941434,0.673952379
7,H9,hsa-miR-378,1.136700844,0.939249112,0.908127893,1.475852796,1.063598096,0.787477855
7,G9,hsa-miR-378*,1.231258726,0.842175636,1.065193193,1.497739666,1.004338223,0.747053119
7,A10,hsa-miR-379,0.902277448,0.869624537,0.804485721,1.03441119,1.019131532,0.795007197
7,B10,hsa-miR-379*,1.009978032,0.857976926,0.865657478,1.07423232,0.856014942,0.797529178
7,D10,hsa-miR-380,0.913483295,0.900442938,0.759007404,1.39171454,0.784651425,0.745189035
7,C10,hsa-miR-380*,1.087969302,1.0298744,0.79340218,1.389491347,1.046028404,0.837917375
7,E10,hsa-miR-381,1.042212091,0.925887753,0.830641484,1.424915374,0.689471154,0.586268053
7,F10,hsa-miR-382,0.996316507,0.848013922,0.81995032,1.400212459,0.809292477,0.725853886
7,G10,hsa-miR-383,1.056357761,0.880255632,0.856993382,1.489390127,0.796798406,0.622416325
7,H10,hsa-miR-384,1.007280335,0.949124989,0.825508393,1.580494556,0.914060101,0.670004951
7,B11,hsa-miR-409-3p,1.122001793,0.944419397,0.980710147,1.044835799,1.166977605,1.093112089
7,A11,hsa-miR-409-5p,1.019247017,0.927717675,0.959948976,1.04142682,1.272960024,1.018110667
7,C11,hsa-miR-410,1.164369544,0.896085963,0.961485606,1.430152447,0.969762738,0.714011602
7,D11,hsa-miR-411,1.101561469,0.843889294,0.760053598,1.333316851,0.83276215,0.649463608
7,E11,hsa-miR-411*,1.013090737,0.901866253,0.812790147,1.343000474,0.824910001,0.639485346
7,F11,hsa-miR-412,1.041693268,0.849756711,0.914961103,1.391813453,0.903258024,0.728960694
7,G11,hsa-miR-421,1.158351638,0.924958269,0.817138552,1.467552713,0.847815704,0.68056798
7,H11,hsa-miR-422a,1.243882605,0.972362225,0.842705805,1.463056707,0.947204044,0.696979111
8,A2,ath-miR416,1.063303165,0.906965375,1.104230697,0.83882241,0.902932819,0.944975755
8,B2,cel-miR-243,0.936696835,1.093034625,0.895769295,1.16117759,1.097067181,1.055024245
8,B5,hsa-miR-323b-5p,0.978364262,1.066608756,1.006602123,0.975389176,1.041125421,0.962662136
8,D2,hsa-miR-423-3p,0.775094295,0.919181483,0.931549962,0.924654084,0.772792187,1.064850014
8,C2,hsa-miR-423-5p,0.891894351,1.183405002,0.863441416,1.008251597,0.71755262,1.228743724
8,E2,hsa-miR-424,0.777901289,1.012814254,0.97662678,0.874315358,0.823959006,0.989693919
8,F2,hsa-miR-424*,0.900096576,0.967828477,0.848491722,0.860550599,0.683472635,1.28822218
8,G2,hsa-miR-425,0.896742776,1.032787785,0.80356663,0.850533265,0.650796957,1.089174208
8,H2,hsa-miR-425*,1.10555384,0.929875143,0.911933172,0.896295775,0.777613917,1.218917955
8,A3,hsa-miR-429,1.044784228,0.780345498,0.957806851,0.839471017,1.063736177,1.164636043
8,B3,hsa-miR-431,0.925687616,1.11311698,0.913147354,1.099380184,1.011352205,1.032184842
8,C3,hsa-miR-431*,0.878953021,1.14733655,0.733674793,0.763368399,0.751258124,1.163063929
8,D3,hsa-miR-432,0.723584212,1.00063443,0.810282628,0.893160847,0.736043848,1.227520935
8,E3,hsa-miR-432*,0.76718369,0.922697704,0.868070535,0.80005046,0.671956531,1.159089967
8,F3,hsa-miR-433,0.900461133,0.968045975,0.837791685,0.759945251,0.80322072,1.301716315
8,G3,hsa-miR-448,1.017698631,0.983234597,0.89470684,0.955967123,0.668117907,1.186864047
8,H3,hsa-miR-449a,0.870386232,0.966994725,0.939897526,0.983460701,0.849004069,1.279662928
8,A4,hsa-miR-449b,0.931155783,0.79818032,1.008157798,0.656111943,0.842871522,1.023450838
8,B4,hsa-miR-449b*,0.94989335,1.173835086,1.058736432,0.793996846,1.065421407,0.995938698
8,D4,hsa-miR-450a,0.731057375,0.991354499,0.947220619,1.102443016,0.801301374,1.322022891
8,C4,hsa-miR-450a,0.877932272,1.079223567,0.854069429,0.877666462,0.787397916,1.133979685
8,F4,hsa-miR-450b-3p,0.946685357,1.029996596,0.84488709,0.9091597,0.795683857,1.117210362
8,E4,hsa-miR-450b-5p,0.950184978,0.902615462,0.760766457,0.955210428,0.694520498,1.078824434
8,G4,hsa-miR-451,1.022911552,1.024559096,0.750104326,1.049005526,0.765629736,1.146862349
8,H4,hsa-miR-452,1.097643182,0.913490335,0.952077355,0.846749796,0.863282095,1.212236412
8,A5,hsa-miR-452*,1.039935811,1.077664782,1.072244374,0.603048327,0.794887991,1.150312298
8,D5,hsa-miR-454,0.752638363,1.008573119,0.954543704,1.231082455,1.032371317,1.23616749
8,C5,hsa-miR-454*,0.665074835,1.04420647,0.891595482,0.892656386,0.608477859,1.171492211
8,F5,hsa-miR-455-3p,0.822193454,0.958874823,1.012521314,0.919717487,0.849893511,1.1712302
8,E5,hsa-miR-455-5p,0.945737552,0.997408141,0.819540866,0.907249936,0.780937667,1.039259365
8,H5,hsa-miR-483-3p,0.841696578,1.021622919,1.018630218,0.842858173,0.761978363,1.187213434
8,G5,hsa-miR-483-5p,0.993091897,0.989759557,1.130449547,0.994811235,0.737963203,1.179876908
8,A6,hsa-miR-484,1.036253881,1.167092636,1.164333163,0.912582906,0.941366457,1.110310537
8,C6,hsa-miR-485-3p,0.865136808,1.038297712,1.03657752,0.821274129,0.742972183,1.150574309
8,B6,hsa-miR-485-5p,1.032644957,1.125768077,1.093113268,0.78394352,1.126372234,0.962880482
8,E6,hsa-miR-486-3p,0.909173735,0.943649976,0.960159325,1.001621478,0.913512596,1.071225825
8,D6,hsa-miR-486-5p,1.144268466,1.010530495,0.951584136,1.129468178,0.838892436,1.185947061
8,F6,hsa-miR-487a,0.996154017,1.11652443,1.219920323,0.993766254,1.030498759,1.093715913
8,G6,hsa-miR-487b,0.921932817,0.975513398,1.044735263,0.933157968,0.778316119,1.179483855
8,A7,hsa-miR-488,1.217432542,1.241150646,1.116524339,0.91528541,0.982421652,1.066771506
8,H6,hsa-miR-488*,0.973661651,1.047323928,1.031796612,1.060464095,0.954567791,1.454561395
8,B7,hsa-miR-489,1.076317319,1.088358503,1.070688636,0.997297497,1.374528922,0.90401328
8,D7,hsa-miR-490-3p,0.954814712,0.981494599,0.908859791,0.946994823,0.897877041,1.269706127
8,C7,hsa-miR-490-5p,1.06151686,1.09491968,0.946309945,0.878387165,0.841373532,1.184898889
8,F7,hsa-miR-491-3p,0.908663418,1.020317962,0.961411492,0.770755273,1.120520591,1.202235882
8,E7,hsa-miR-491-5p,0.979457941,0.939010071,0.974198408,1.018989635,0.887952659,1.167256237
8,H7,hsa-miR-493,0.871771478,1.167310186,1.070271245,0.939860183,0.938885361,1.142014985
8,G7,hsa-miR-493*,0.957986263,1.08368226,0.999999992,0.927536778,0.908082328,1.27280676
8,A8,hsa-miR-494,1.172192504,1.011980562,1.28358939,0.814752098,1.093509384,1.087165403
8,B8,hsa-miR-495,1.117547365,1.094629687,1.097514636,0.824373006,0.960700338,0.970828478
8,C8,hsa-miR-496,1.133477878,1.129284238,0.988503093,0.856983253,1.010088263,1.182235101
8,D8,hsa-miR-497,0.934108591,0.981965857,0.899070357,1.021980364,0.958921445,1.129787367
8,E8,hsa-miR-497*,0.891347539,0.988092053,0.845266497,0.96335399,0.979706518,1.117472436
8,F8,hsa-miR-498,0.943112814,1.059648755,0.90840443,0.812409916,0.995903823,1.186078094
8,H8,hsa-miR-499-3p,0.905783494,1.101372138,1.077025157,0.861415382,0.857945414,1.165640477
8,G8,hsa-miR-499-5p,0.918615452,1.000561868,0.89910827,0.98904584,0.964632626,1.164199333
8,A9,hsa-miR-500a,1.155204808,1.289253821,1.259077942,0.748918988,1.138075501,1.007249258
8,B9,hsa-miR-500a*,1.010918147,1.202544721,1.179244936,0.783727285,1.120333341,1.072317581
8,D9,hsa-miR-501-3p,0.999690186,1.022819158,0.745247527,0.870135508,0.989303189,1.265906863
8,C9,hsa-miR-501-5p,0.968776784,1.10945571,1.070916253,0.892476195,1.025162077,1.199528365
8,F9,hsa-miR-502-3p,1.044529043,1.081072345,1.005957114,0.823364077,0.901153915,1.058867237
8,E9,hsa-miR-502-5p,1.095711124,1.045946416,0.863517315,0.72510091,1.361327666,1.077295977
8,G9,hsa-miR-503,1.006069609,1.005528103,1.397951022,0.937085636,0.800880086,1.163238628
8,H9,hsa-miR-504,1.132931072,1.04453274,1.111060445,1.090335787,0.834538792,1.009651107
8,B10,hsa-miR-505,1.185534834,1.258441708,1.162663613,0.861127104,1.075720358,0.987816075
8,A10,hsa-miR-505*,1.316369846,1.230565765,1.305293052,0.830534709,1.11167291,1.129263291
8,C10,hsa-miR-506,1.117693119,1.250829281,1.033314373,0.885377607,0.80560823,1.177780709
8,D10,hsa-miR-507,1.059839986,0.970619725,0.883058207,0.785312771,0.983311104,1.130835467
8,F10,hsa-miR-508-3p,1.030822209,0.968626012,0.874103548,0.863253103,0.937902333,1.029870306
8,E10,hsa-miR-508-5p,1.02776009,1.06432499,0.968620701,0.817706836,0.887156803,1.123149545
8,C11,hsa-miR-509-3-5p,1.065818471,1.243289303,1.175071067,0.884476772,0.851672405,1.050351579
8,H10,hsa-miR-509-3p,1.053351017,1.134431739,0.979814029,1.054698699,1.009854147,1.056247034
8,D11,hsa-miR-509-3p,0.964475119,1.071538593,0.878163486,0.785817232,0.947405418,1.006725244
8,B11,hsa-miR-509-3p,1.142336408,1.191996117,1.288597916,0.715443958,1.087891788,0.951351639
8,G10,hsa-miR-509-5p,1.014745823,1.044061482,1.075052153,1.052428621,0.78547857,1.40228836
8,A11,hsa-miR-509-5p,1.291179866,1.197107341,1.266021621,0.851253969,0.929054652,1.063845643
8,E11,hsa-miR-510,0.956054144,1.163612639,0.811990093,0.857199496,0.900685839,1.005458799
8,F11,hsa-miR-511,1.027869409,0.895293034,0.891367857,0.870603925,1.07604806,1.312109673
8,G11,hsa-miR-511,1.156735807,0.960179833,1.022234858,1.209534397,1.026566481,1.271190855
8,H11,hsa-miR-512-5p,1.016605005,1.028909069,1.05232395,1.028142067,1.100110017,1.290362099
9,A2,ath-miR416,1.191558434,1.020952296,1.044139582,0.958974231,1.114964907,0.960053906
9,B2,cel-miR-243,0.808441566,0.979047704,1.063428383,1.041025769,0.885035093,1.039946094
9,E2,hsa-miR-512-3p,1.109946852,0.67032615,0.991756372,0.790860852,1.028002936,0.587672713
9,C2,hsa-miR-512-3p,1.473435655,0.890484512,0.945003141,0.869007667,0.64153315,0.650212764
9,D2,hsa-miR-512-5p,1.478600948,0.928419192,0.947548873,0.824789565,0.948115852,0.716827981
9,A3,hsa-miR-513a-3p,1.352912242,1.179944683,1.081150556,1.102392915,0.844947125,0.995349704
9,G2,hsa-miR-513a-3p,1.429752152,0.963560204,0.954843295,0.834551318,1.144580618,0.545278252
9,H2,hsa-miR-513a-5p,1.33107049,0.95331684,1.074982011,0.915969684,1.098502465,0.781964251
9,F2,hsa-miR-513a-5p,1.384494374,0.75070456,0.942898007,0.934648902,1.015896959,0.589151611
9,B3,hsa-miR-513b,0.88355965,1.01355162,1.065876146,1.307600912,0.77612318,1.047997694
9,C3,hsa-miR-513c,1.390249881,0.819810339,0.95880882,0.957285677,0.681537313,0.599799533
9,F3,hsa-miR-514,1.282270749,1.072953172,0.93202973,0.906471749,1.087024858,0.694611933
9,D3,hsa-miR-514,1.321182641,0.83510181,1.121588407,0.91755268,0.863085151,0.822682648
9,E3,hsa-miR-514,1.465859908,0.799078633,1.090060555,0.924570606,0.940538281,0.616527274
9,B4,hsa-miR-515-3p,0.878197599,0.9243022,0.94275109,1.101812456,0.944182632,1.0366926
9,H3,hsa-miR-515-3p,1.438065819,0.900188749,1.144206259,0.98899821,1.03252695,0.755114446
9,A4,hsa-miR-515-5p,0.938754403,1.166466573,1.167362534,0.965922987,1.11400149,1.046847543
9,G3,hsa-miR-515-5p,1.302981135,0.992966902,1.002967371,1.034271672,1.148392526,0.673611896
9,F4,hsa-miR-516a-3p,1.223829206,0.8083417,1.051531973,0.935282173,0.855586941,0.766616815
9,D4,hsa-miR-516a-3p,1.301406943,1.222486382,1.230026578,0.948315389,0.771976146,0.622442749
9,E4,hsa-miR-516a-5p,1.408353053,0.817555819,0.988378383,0.966361435,1.12883022,0.65504379
9,C4,hsa-miR-516a-5p,0.935261718,0.98002793,1.013933545,1.108988654,0.78198767,0.632992085
9,G4,hsa-miR-516b,1.400924867,1.031146641,1.020591646,0.809909447,1.027248949,0.719358498
9,A5,hsa-miR-516b,1.676357788,1.178523309,1.053783942,0.887803137,1.134443407,0.799579323
9,H4,hsa-miR-516b*,1.485291215,0.972186165,1.146213414,1.031686116,1.091171883,0.664672923
9,B5,hsa-miR-516b*,1.416961823,1.005072657,0.952003872,1.153628933,0.798910844,0.642424045
9,G5,hsa-miR-517*,1.411599843,1.158085671,1.047223819,0.939028548,1.116179696,0.608015524
9,C5,hsa-miR-517*,1.555588398,1.074080468,0.941918904,1.137640806,0.784459112,0.650837208
9,E5,hsa-miR-517*,1.496654831,0.954444146,0.901383085,0.961137599,0.807623844,0.595658653
9,D5,hsa-miR-517a,1.489669462,0.905432956,1.096082183,1.004828065,1.147303432,0.623987356
9,F5,hsa-miR-517b,1.414600503,0.83554298,1.012856544,0.973801538,1.112493465,0.659151792
9,H5,hsa-miR-517c,1.420749691,0.986595471,1.063575229,0.977178548,1.037679334,0.670095467
9,B6,hsa-miR-518a-3p,1.368113027,1.098880147,1.076108031,1.355723748,0.940370723,0.633287844
9,D6,hsa-miR-518a-3p,1.492227458,1.315558624,1.235264886,1.056961171,1.188229201,0.790048777
9,C6,hsa-miR-518a-5p,1.045011801,1.23640558,1.183616047,0.999973594,1.02402346,0.615114084
9,A6,hsa-miR-518a-5p,1.653335289,1.135001385,1.013590834,1.07637913,0.938569514,0.752583935
9,E6,hsa-miR-518b,1.15933689,1.044134643,0.936190957,0.940400461,1.156225792,0.633813654
9,G6,hsa-miR-518c,1.533894197,1.328595656,1.047664416,1.117009128,1.177714993,0.62589347
9,F6,hsa-miR-518c*,1.474370415,1.033107082,1.034054614,1.032846936,0.868279407,0.695827895
9,A7,hsa-miR-518d-3p,1.211826086,1.408826904,1.198792489,1.358731481,0.769169517,0.885222692
9,H6,hsa-miR-518d-5p,1.407811974,1.034234377,1.153458959,1.141492729,1.080699556,0.646400576
9,C7,hsa-miR-518e,1.657615111,1.253510493,1.063771012,1.021502186,0.662770987,0.600062407
9,B7,hsa-miR-518e*,1.456562355,1.159654055,1.125260169,1.210510973,0.865766032,0.727015801
9,E7,hsa-miR-518f,1.454397876,1.215134736,1.063085672,1.155792388,1.108890978,0.635686946
9,D7,hsa-miR-518f*,1.540781152,0.950866291,1.151255938,0.96588661,0.709728734,0.731616728
9,G7,hsa-miR-519a,1.368752521,1.157644594,1.115762644,1.328707415,1.166027815,0.599076496
9,H7,hsa-miR-519a,1.574429337,1.159948062,0.989553352,1.06134073,1.133479929,0.74380925
9,F7,hsa-miR-519a*,1.491981481,0.952483705,1.056035992,1.013903899,1.166446816,0.70447111
9,B8,hsa-miR-519b-3p,1.432310148,1.040948917,1.278003726,1.250929965,0.856089624,0.713180087
9,A8,hsa-miR-519b-5p,1.615604133,1.237973882,1.538744866,1.27958203,1.166698049,0.808321124
9,D8,hsa-miR-519c-3p,1.495031431,0.893376149,1.106020306,0.950267751,1.101769835,0.735757602
9,C8,hsa-miR-519c-5p,1.613783893,1.461808078,0.91195761,0.965200604,0.970866028,0.701184738
9,E8,hsa-miR-519d,1.410566658,0.946357241,1.14112194,0.99564676,0.807079297,0.652447516
9,G8,hsa-miR-519e,1.192985076,1.080942017,1.140142837,1.041078504,1.100261801,0.638874738
9,F8,hsa-miR-519e*,1.311196377,0.883377915,1.214703291,0.922459963,1.052591879,0.752583935
9,A9,hsa-miR-520a-3p,1.600501784,1.292915506,1.255337007,1.443263038,0.946151399,1.065218469
9,H8,hsa-miR-520a-5p,1.365702571,1.120984218,1.188119996,1.02245201,1.057241588,0.840199134
9,B9,hsa-miR-520b,1.018349067,0.999485423,1.074639381,1.3264385,0.700848247,0.82015213
9,D9,hsa-miR-520c-3p,1.50388634,0.93993678,1.288627281,0.981822001,0.707508665,0.620602391
9,C9,hsa-miR-520c-5p,1.174881975,1.270174247,1.111405541,1.168983963,0.70457642,0.723827954
9,F9,hsa-miR-520d-3p,1.267758758,0.904844788,1.136275291,1.037068223,1.12070371,0.792184949
9,E9,hsa-miR-520d-5p,1.320543147,1.017227443,1.246818596,1.362636127,0.857388219,0.855349397
9,G9,hsa-miR-520e,1.37736129,1.366334307,0.979468302,1.092103526,1.069515115,0.617283134
9,H9,hsa-miR-520f,1.592040566,1.194500998,1.214801188,0.913225857,1.117687721,0.752945396
9,A10,hsa-miR-520g,1.369933104,1.602323197,1.205058849,1.406643223,0.885830952,0.975138461
9,B10,hsa-miR-520h,1.216745401,1.013012482,1.303020403,1.240218399,0.765860283,0.989039883
9,C10,hsa-miR-521,1.167699765,1.458818462,1.003310082,1.147666378,0.838831263,0.686625986
9,D10,hsa-miR-521,1.448691505,1.003553386,1.306251556,1.048887885,0.748183061,0.696649512
9,F10,hsa-miR-522,1.477223524,0.990026245,1.131820292,1.121810864,0.797151517,0.841250802
9,E10,hsa-miR-522*,1.479732395,0.949886065,1.15678801,1.160119222,0.889559116,0.694546225
9,H10,hsa-miR-523,1.573248754,1.18293438,1.173384162,0.807534985,1.01916432,0.664278522
9,G10,hsa-miR-523*,1.472845287,1.19842188,1.088885658,0.994380393,1.172436852,0.6052549
9,B11,hsa-miR-524-3p,1.056719809,0.983507724,1.343801036,1.287444233,0.818179915,1.010500015
9,A11,hsa-miR-524-5p,1.261216042,1.549096964,1.278689148,1.555022012,1.193590946,0.78170137
9,D11,hsa-miR-525-3p,1.563606799,1.07359036,1.228460021,1.028625659,0.768960087,0.609560123
9,C11,hsa-miR-525-5p,1.066263267,1.521601688,1.162173164,1.103764829,0.79639753,0.684687042
9,F11,hsa-miR-526a,1.575364107,0.960717516,1.008450422,0.914967135,1.063399323,0.768785811
9,E11,hsa-miR-526a,1.628394299,1.316783908,1.234481577,0.927683798,1.0177401,0.720673047
9,G11,hsa-miR-526b,1.529269984,1.300757271,1.024606038,0.885101428,1.089789544,0.591912173
9,H11,hsa-miR-526b*,1.611029209,1.563996378,1.261946078,0.890272529,1.032903948,0.69273869
10,A2,ath-miR416,0.990060855,1.055359082,0.971591584,0.892744021,1.023433296,1.076159898
10,B2,cel-miR-243,1.009939145,0.944640918,1.028408416,1.107255979,0.976566704,0.923840102
10,C2,hsa-miR-527,1.031993291,1.018956016,0.818299535,1.06401768,1.000134705,1.033152445
10,E2,hsa-miR-532-3p,0.930162071,0.893054193,0.621140388,0.665227002,0.698015795,1.066194182
10,D2,hsa-miR-532-5p,0.935271739,0.897486727,0.696896102,0.87522794,0.868782538,1.014372703
10,F2,hsa-miR-539,0.907844199,1.01928613,0.775606012,0.73985028,0.633237597,0.890665451
10,H2,hsa-miR-541,1.002521906,1.120384833,0.798106074,0.768451897,0.713458451,0.941556876
10,G2,hsa-miR-541*,0.937282659,0.98076112,0.69175667,0.746712782,0.697028192,1.005159969
10,B3,hsa-miR-542-3p,1.013334647,1.135427034,1.069483216,1.035704059,0.862677289,1.105702558
10,A3,hsa-miR-542-5p,0.943018657,0.950393782,0.835336492,0.758662072,0.821332387,0.860635583
10,C3,hsa-miR-543,0.947535016,1.049747759,0.705434824,0.87647566,0.76239002,0.909223769
10,D3,hsa-miR-544,0.897163273,0.95954166,0.658654008,0.887465216,0.721673558,0.879991104
10,F3,hsa-miR-545,0.888987788,0.920356485,0.8091943,0.846866329,0.686568531,1.058398843
10,E3,hsa-miR-545*,0.884141845,1.031169003,0.658330281,0.694596402,0.646300923,0.850138378
10,G3,hsa-miR-548a-3p,0.967116653,0.971235951,0.715875525,0.810682407,0.837807536,1.041124996
10,B4,hsa-miR-548a-3p,0.957853236,1.119017335,0.789405524,1.108839677,0.854596896,0.860325518
10,H3,hsa-miR-548a-3p,0.979610731,1.057481026,0.860831222,0.844514838,0.818638899,1.020307791
10,A4,hsa-miR-548a-5p,0.971731896,1.039232311,0.875440095,0.822926834,0.942539051,1.002015248
10,D4,hsa-miR-548b-3p,0.935996959,0.960154711,0.732872011,0.894423698,0.87825465,0.908780852
10,C4,hsa-miR-548b-5p,0.968138626,1.09765647,0.700052606,0.847826128,0.765128389,0.931325446
10,F4,hsa-miR-548c-3p,0.906064081,0.981043984,0.858403138,0.719406867,0.943885825,0.918657935
10,E4,hsa-miR-548c-5p,0.878900266,0.931579203,0.639836492,0.776082183,0.757856013,0.888760919
10,H4,hsa-miR-548d-3p,0.963754178,1.000188614,0.810651132,0.799452911,0.899622898,0.91706346
10,B5,hsa-miR-548d-3p,0.98528077,1.198707986,0.986402827,0.87858721,0.975354634,1.083822375
10,G4,hsa-miR-548d-5p,0.931645538,0.970009922,0.734693041,0.794798004,0.890465068,0.999667799
10,A5,hsa-miR-548d-5p,0.941733059,1.152874042,0.849257432,0.756371921,0.732851484,0.963038422
10,C5,hsa-miR-548e,0.92857972,0.959918878,0.748209296,0.934830644,0.859220656,0.947004765
10,F5,hsa-miR-548f,0.914602176,0.928514157,0.932216393,0.843219137,0.884719,1.185117955
10,E5,hsa-miR-548f,0.871680795,0.987692763,0.736271293,0.764516784,0.779314093,0.943505697
10,D5,hsa-miR-548f,0.863439351,1.238836326,0.782121319,0.724397759,0.849120166,0.990897983
10,G5,hsa-miR-548f,0.959600429,1.18012923,0.74432438,0.801180568,0.851723831,0.921094017
10,H5,hsa-miR-548f,1.103660837,0.999858573,0.812107956,0.791006852,0.891407799,0.960469479
10,A6,hsa-miR-548g,1.091100903,1.155231819,0.880862791,1.021259253,0.958340807,1.074078153
10,C6,hsa-miR-548h,1.103529021,0.961946541,0.683865481,0.912755553,0.90918478,0.94005091
10,D6,hsa-miR-548h,0.991808048,0.985240768,0.899235152,0.832133601,0.835518021,0.93345141
10,B6,hsa-miR-548h,1.090771218,1.10850196,0.883209863,0.871964714,0.852262509,1.050736357
10,E6,hsa-miR-548h,1.032125106,0.999717104,0.737809074,0.792926385,0.757047925,0.865153348
10,A7,hsa-miR-548i,1.075903713,1.104446644,0.854275436,1.090411777,1.058942367,1.022168103
10,H6,hsa-miR-548i,1.173350491,0.971424524,0.862814095,1.118437486,0.782097335,0.923928673
10,G6,hsa-miR-548i,1.167548528,1.03890227,0.861154957,0.784672277,0.876997637,1.054678351
10,F6,hsa-miR-548i,1.088463647,1.129249764,0.760956661,0.801228558,0.779538481,0.952806993
10,B7,hsa-miR-548j,1.031993291,1.133776599,0.901218088,0.822487811,1.050547683,1.012645305
10,C7,hsa-miR-548k,1.107023407,1.097279242,0.769535853,0.881994471,1.119725245,1.004761333
10,D7,hsa-miR-548l,1.062816333,1.013721922,0.795435204,0.978980753,0.93854373,0.974111405
10,E7,hsa-miR-548m,0.912789126,0.933229637,0.810489233,0.812074088,0.916726557,0.823740431
10,F7,hsa-miR-548n,1.067035939,1.044230728,0.733964629,0.850129628,0.844541216,1.145299514
10,G7,hsa-miR-548o,1.046564144,0.949780731,0.82481485,0.793118336,0.959103952,1.02203518
10,H7,hsa-miR-548p,1.018279574,1.001650403,0.80822304,0.883434133,1.018719712,0.872771544
10,A8,hsa-miR-549,1.020686029,1.221106308,0.819432632,1.090795669,1.071916002,1.031380774
10,B8,hsa-miR-550a,0.865549154,1.184750346,0.838776252,1.077454697,0.962470832,1.025534248
10,D8,hsa-miR-550a,0.914206635,1.135144097,0.808830094,0.94476443,0.897153877,0.92614327
10,C8,hsa-miR-550a*,0.879526603,1.329278112,0.601230192,0.699683265,1.074429904,1.06185363
10,E8,hsa-miR-550a*,0.962864116,1.031357576,0.802355196,0.776082183,0.830624922,0.941379663
10,F8,hsa-miR-551a,0.929535735,0.981798504,0.762494434,0.830501988,0.788786143,0.970612337
10,H8,hsa-miR-551b,1.05651985,1.005705718,0.859657654,0.911699773,0.816349455,0.987576119
10,G8,hsa-miR-551b*,1.039509515,0.954826253,0.82817366,0.768163976,0.806024437,1.014505555
10,A9,hsa-miR-552,1.049135441,1.142122917,0.928655276,1.139456807,1.089692974,1.129177277
10,B9,hsa-miR-553,0.99866491,1.235912749,0.864513767,0.847682168,1.027428616,1.066858594
10,C9,hsa-miR-554,1.102375239,1.191399052,0.627251018,0.778913535,0.886873801,1.014461274
10,D9,hsa-miR-555,1.036048054,1.005328417,0.756869375,0.954170289,0.745690413,0.822057323
10,F9,hsa-miR-556-3p,0.991544329,1.053991648,0.796770671,1.018667841,0.750044896,0.910641102
10,E9,hsa-miR-556-5p,1.039839098,1.023058445,0.838776252,0.777473864,0.791524512,0.784940748
10,G9,hsa-miR-557,1.103858706,1.160371631,0.943790191,0.736155099,0.738507799,0.895670485
10,H9,hsa-miR-558,1.043069758,1.037723418,0.888389774,0.931471374,0.796148334,0.911482656
10,A10,hsa-miR-559,0.96009495,1.262790645,0.80810162,1.259621876,1.034386755,1.049806241
10,B10,hsa-miR-561,0.870164301,1.231998829,0.881631674,0.878971102,1.002962827,0.967113269
10,C10,hsa-miR-562,0.85503307,1.145470817,0.631742926,0.781217026,0.850017946,1.092149273
10,D10,hsa-miR-563,0.772585664,1.098316626,0.824774371,1.012477217,0.853384826,0.78560516
10,E10,hsa-miR-564,0.898844609,1.109539343,0.802476616,0.84926579,0.737654892,0.887963647
10,F10,hsa-miR-566,0.914931855,1.213938842,0.82837603,0.800172779,0.738328213,0.854257568
10,G10,hsa-miR-567,1.010268829,1.174282085,0.851483146,0.797917269,0.723424306,0.973092638
10,H10,hsa-miR-568,0.988214779,1.024143006,0.884464388,0.917362544,0.702864093,0.890222533
10,A11,hsa-miR-569,1.012675385,1.013391807,0.897009438,1.270323446,1.060468658,0.974244258
10,B11,hsa-miR-570,0.955018213,1.327250523,0.82408643,1.067760852,0.905862781,0.934913086
10,C11,hsa-miR-571,0.906097006,1.116470986,0.751568107,0.75280736,0.746408677,0.816255087
10,D11,hsa-miR-572,0.792464048,1.181119436,0.836429118,0.713888131,0.713817552,0.669028905
10,E11,hsa-miR-573,0.923338141,1.088131301,0.747278514,0.824935263,0.66331475,0.654545425
10,G11,hsa-miR-574-3p,0.835121754,1.233602086,0.943385506,0.850081639,0.709732479,0.88517328
10,F11,hsa-miR-574-5p,0.798628621,1.139859504,0.857108142,1.008638075,0.671440095,0.736131067
10,H11,hsa-miR-575,1.100133519,1.18611778,0.930273935,0.870525043,0.676063917,0.77723398
11,A2,ath-miR416,0.988026559,0.916528025,1.025915157,,1.005851903,1.050180093
11,B2,cel-miR-243,1.011973441,1.083471975,0.974084843,,0.994148097,0.949819907
11,D2,hsa-miR-576-3p,0.789659649,1.093120918,0.981683846,,0.777898753,0.940504254
11,C2,hsa-miR-576-5p,0.986691765,0.959823657,0.933469587,,0.891126811,1.100608575
11,E2,hsa-miR-577,0.704510664,0.810056572,1.196394446,,0.91412629,1.11427146
11,F2,hsa-miR-578,0.856671773,0.905839289,0.972460293,,0.932090395,0.910073235
11,G2,hsa-miR-579,0.662740932,0.773415449,0.979325521,,0.903987482,0.862315203
11,H2,hsa-miR-580,0.707768976,0.874313752,1.197757018,,1.009118148,1.255123539
11,A3,hsa-miR-581,1.025163901,0.979579098,0.934570181,,1.066752836,1.031052023
11,C3,hsa-miR-582-3p,0.793232029,0.760106505,0.968477345,,0.959648927,0.863433029
11,B3,hsa-miR-582-5p,0.93954382,1.014515075,1.012603899,,1.050830146,1.050490618
11,D3,hsa-miR-583,0.75888195,1.132798173,0.947619462,,0.732240075,0.77549368
11,E3,hsa-miR-584,0.798885082,0.805232105,0.969263425,,0.738704393,0.885666346
11,F3,hsa-miR-585,0.750284596,0.770919989,0.959463391,,0.821039751,0.845422886
11,G3,hsa-miR-586,0.573862538,0.81259359,0.889500327,,0.921407193,0.886038951
11,H3,hsa-miR-587,0.710556248,0.879013472,0.965594991,,0.939915597,0.960625977
11,A4,hsa-miR-588,0.836650566,0.824571614,0.939391588,,0.975027223,0.954353403
11,B4,hsa-miR-589,1.093078943,1.033979399,1.023137645,,1.004150754,0.933362286
11,C4,hsa-miR-589*,0.874887146,0.645774453,0.978172622,,1.187057683,0.979070918
11,E4,hsa-miR-590-3p,0.758214588,0.814132439,1.305348143,,0.864248783,0.780462025
11,D4,hsa-miR-590-5p,0.879794256,0.778655782,0.819484884,,0.836554156,0.976710892
11,F4,hsa-miR-591,0.783888787,0.770212938,0.90910048,,0.96849483,0.85821629
11,G4,hsa-miR-592,0.642170165,0.849900206,0.955166013,,1.028511102,0.939572679
11,A5,hsa-miR-593,1.015231816,0.722217586,1.015905524,,1.051850847,1.203018161
11,H4,hsa-miR-593*,0.740823607,0.784187309,0.992270045,,0.882825248,0.916407889
11,B5,hsa-miR-595,0.986102915,0.893403767,1.071980765,,1.030620593,1.047757975
11,C5,hsa-miR-596,0.856200669,0.949342916,1.164164284,,0.830430048,0.957396571
11,D5,hsa-miR-597,0.828995412,1.032690111,0.866860611,,0.791507879,0.979691968
11,E5,hsa-miR-598,0.985160769,0.746007329,1.347850074,,0.847509493,0.85560792
11,F5,hsa-miR-599,0.734895778,0.833014459,0.934727401,,0.886159472,1.019749062
11,G5,hsa-miR-600,0.691987573,0.922392294,1.282341608,,0.78803756,0.880449607
11,H5,hsa-miR-601,0.840144489,0.824322053,0.99745826,,1.029804007,0.889330449
11,A6,hsa-miR-602,1.090134642,0.877682627,1.077535884,,1.059540008,1.224444076
11,B6,hsa-miR-603,1.07541313,1.035809366,1.419332835,,1.01721554,0.881381181
11,C6,hsa-miR-604,0.916774631,0.944144074,0.863611353,,0.917528588,1.080114234
11,D6,hsa-miR-605,0.855768856,0.861462297,0.914445915,,0.902626557,1.057508312
11,E6,hsa-miR-606,0.955874838,0.899184846,1.148389859,,1.136635823,1.007390356
11,F6,hsa-miR-607,0.953833455,0.802071225,1.035558056,,0.861594994,1.063470374
11,G6,hsa-miR-608,0.736505285,0.93902848,1.304509684,,0.970400094,1.039311816
11,H6,hsa-miR-609,0.864601703,0.908916978,1.109975634,,1.006940679,0.851943817
11,A7,hsa-miR-610,1.0827935,0.942688415,1.234179727,,1.409295011,1.461060652
11,B7,hsa-miR-611,1.023358066,1.042463867,0.92167811,,1.191888926,0.952614528
11,C7,hsa-miR-612,0.98194163,1.055564808,1.068679139,,1.0913173,1.201217194
11,D7,hsa-miR-613,0.896949681,0.760272818,1.107512552,,0.905484461,1.129176457
11,E7,hsa-miR-614,1.042711849,0.761395793,1.17516967,,0.904463802,0.984287645
11,G7,hsa-miR-615-3p,0.794095718,0.899891897,0.851924645,,0.991085967,0.998695764
11,F7,hsa-miR-615-5p,0.923173565,0.844909359,1.113906214,,0.851796397,0.916097364
11,A8,hsa-miR-616,1.103874717,1.096947216,1.078741235,,1.237275414,1.392932451
11,H7,hsa-miR-616*,0.780944549,0.863541826,1.113120049,,1.071379965,0.834244198
11,B8,hsa-miR-617,1.066698022,0.837922182,0.945837629,,1.083355962,0.774686328
11,C8,hsa-miR-618,1.016252473,0.840999872,0.963917989,,1.080362018,0.837473516
11,D8,hsa-miR-619,0.919208537,0.828647473,0.920263086,,0.892964056,1.006148257
11,E8,hsa-miR-620,0.83284263,0.739186523,1.195922796,,1.07437402,1.212457973
11,F8,hsa-miR-621,0.908255788,0.882215975,1.176113055,,0.937125768,1.001428293
11,G8,hsa-miR-622,0.65210225,0.884669804,1.139533125,,1.040691339,0.984535989
11,H8,hsa-miR-623,0.832528563,0.902720033,1.163220984,,1.119284187,0.831760001
11,B9,hsa-miR-624,1.083696473,0.927424764,0.981893519,,1.083968432,0.978325596
11,A9,hsa-miR-624*,0.899108874,1.00752789,1.179519437,,1.385274929,1.49664633
11,C9,hsa-miR-625,0.9740117,0.832889711,0.986767304,,1.073217154,0.944603066
11,D9,hsa-miR-625*,0.90440857,0.748294786,1.051122882,,0.887996716,0.865047732
11,E9,hsa-miR-626,0.926117866,0.807769115,1.056782747,,0.976115902,0.922680375
11,F9,hsa-miR-627,0.886585783,0.797828987,1.03372376,,0.932906884,0.908706965
11,H9,hsa-miR-628-3p,0.972755488,0.874771242,1.227157205,,1.139017407,0.921686721
11,G9,hsa-miR-628-5p,0.725552535,0.84012645,1.219925094,,1.366290108,1.103713822
11,A10,hsa-miR-629,1.042790431,0.99841956,1.269449547,,1.730947212,1.388336773
11,B10,hsa-miR-629*,0.944411702,1.061969748,1.175641404,,1.230606967,1.076139593
11,C10,hsa-miR-630,0.850115802,0.847945425,1.124544791,,1.090840994,0.918084685
11,D10,hsa-miR-631,0.748949865,0.869655648,1.053428754,,1.079885698,1.140168893
11,E10,hsa-miR-632,0.826208141,0.858426232,1.144354532,,1.205498108,1.164203165
11,F10,hsa-miR-633,0.823028292,0.957993689,0.989649658,,0.903306992,1.044652829
11,G10,hsa-miR-634,0.819573659,0.918940296,0.92896261,,1.076279284,0.907340694
11,H10,hsa-miR-635,1.075609513,0.950424267,1.110185317,,1.351388132,1.134082659
11,A11,hsa-miR-636,1.023436585,1.130926648,1.308230496,,1.584921037,1.356291027
11,B11,hsa-miR-637,0.872256912,0.990559019,1.119618543,,1.413649949,0.877841237
11,C11,hsa-miR-638,0.804498845,0.796040585,1.065272683,,1.177667385,0.788597659
11,D11,hsa-miR-639,0.81788557,0.645067402,1.067211736,,1.111867119,1.07657429
11,E11,hsa-miR-640,0.947356003,0.845408415,1.093048247,,1.304300496,1.06862492
11,F11,hsa-miR-641,0.785145062,0.796498075,1.055839457,,1.46754217,1.135945807
11,G11,hsa-miR-642a,0.70604166,0.904092511,1.032885301,,1.48577848,0.909700618
11,H11,hsa-miR-643,1.014800003,1.136582921,1.224379693,,1.207607488,1.146689811
12,A2,ath-miR416,0.858250598,1.161228702,1.054500069,0.940945289,0.652153032,1.062999916
12,B2,cel-miR-243,1.141749402,0.838771298,0.945499922,1.059054711,1.347846968,0.937000084
12,C2,hsa-miR-644,0.894258831,0.872241214,0.81306836,0.793546403,0.905084598,0.651711291
12,D2,hsa-miR-645,0.738966516,0.856236273,1.025366754,0.654876404,0.734092636,0.827957262
12,E2,hsa-miR-646,0.749482194,1.010501503,0.895515539,0.555052245,0.940936152,0.707817973
12,F2,hsa-miR-647,0.709543775,0.7883417,1.057954425,0.537222053,0.671088045,0.693503106
12,G2,hsa-miR-648,0.616177171,0.850395918,1.066736011,0.477319293,0.653258371,0.80970336
12,H2,hsa-miR-649,0.809283534,1.136350866,0.987868047,0.780266863,0.743704366,1.078419632
12,A3,hsa-miR-650,0.943438297,1.421912773,0.873041329,1.04180371,0.654459802,0.819310648
12,B3,hsa-miR-651,0.827075292,0.972538909,1.109603544,0.937635781,0.771818548,0.860814202
12,C3,hsa-miR-652,0.964044816,0.886729938,1.098824283,0.693432615,0.908304512,0.667947685
12,D3,hsa-miR-653,0.665515942,0.792272691,1.017542372,0.513269239,0.701653191,0.660069634
12,F3,hsa-miR-654-3p,0.769238909,0.940248235,1.064655064,0.548557273,0.685890001,0.636868007
12,E3,hsa-miR-654-5p,0.717032257,1.00836752,1.001810404,0.573833944,0.716311043,0.599831886
12,G3,hsa-miR-655,0.729778501,0.837367332,1.115138915,0.494735762,0.693867738,0.666842826
12,H3,hsa-miR-656,0.8777949,0.697478517,0.970096742,0.628275917,0.715686276,0.738465214
12,A4,hsa-miR-657,0.837431655,1.354523505,1.04813236,0.750020541,0.642204903,0.758064111
12,B4,hsa-miR-658,1.275744849,1.03751331,0.957943996,0.946488822,0.701941569,0.717857607
12,C4,hsa-miR-659,0.848478442,0.904138834,1.160170599,0.901809964,0.799355985,0.701717284
12,D4,hsa-miR-660,0.749375987,0.759027382,0.694162944,0.614210406,0.718425618,0.61986309
12,E4,hsa-miR-661,0.728079044,0.849272754,0.892227653,0.62136729,0.635044217,0.683127175
12,F4,hsa-miR-662,0.7383292,0.945976328,1.034939145,0.714530975,0.683487128,0.66280775
12,G4,hsa-miR-663,0.747941965,0.633065663,0.854479211,0.522825539,0.650230692,0.67669027
12,H4,hsa-miR-663b,0.889319698,1.103667058,1.089002149,0.960306145,0.834967323,0.716704733
12,B5,hsa-miR-664,0.891072253,1.099230657,1.001311005,1.091157323,0.776720476,0.854041091
12,A5,hsa-miR-664*,1.0757342,1.185601117,0.896056609,0.689361986,0.710255685,0.768151781
12,C5,hsa-miR-665,0.79866166,0.809400796,0.798751402,0.689171625,0.718665904,0.747111828
12,D5,hsa-miR-668,0.904455889,0.821418574,1.000436996,0.657482703,0.743175702,0.658100161
12,F5,hsa-miR-671-3p,0.838440688,1.13309372,1.016751628,0.647678181,0.717896954,0.688747492
12,E5,hsa-miR-671-5p,0.879335042,0.938338871,1.016543565,0.61917468,0.68089198,0.664969413
12,G5,hsa-miR-675,0.764140385,0.726736663,1.187930507,0.470493352,0.762495195,0.703975007
12,H5,hsa-miR-675*,0.72999099,0.943673829,0.918697348,0.963243387,0.75653594,0.737264304
12,H6,hsa-miR-7,0.864623666,0.858145637,0.969680538,1.020746756,0.896337911,0.772090807
12,E6,hsa-miR-7,0.816878233,0.763126809,1.080095696,0.646933489,0.738417889,0.687834754
12,C6,hsa-miR-7,0.960380228,0.879878682,1.179315381,0.761278357,0.80147056,0.731548016
12,D6,hsa-miR-7-1*,0.704392143,0.855899403,1.155634172,0.995759689,0.771530171,0.661943046
12,F6,hsa-miR-7-2*,0.773753226,0.780423453,1.132826955,0.77832251,0.788590905,0.730731338
12,A6,hsa-miR-708,1.202188058,0.894086604,1.254021451,0.889647331,0.766964632,0.804947747
12,B6,hsa-miR-708*,0.949652147,1.112034624,1.249776222,1.010238949,0.857218352,0.781457939
12,G6,hsa-miR-720,0.797333921,0.832537796,0.952908101,0.49676287,0.725346028,0.691581579
12,A7,hsa-miR-744,0.791066972,0.9390689,0.70718969,1.049374283,0.805171047,0.743989471
12,B7,hsa-miR-744*,0.924106398,0.925422549,1.010342325,1.014169004,0.770520935,0.832616816
12,C7,hsa-miR-758,0.929576726,0.833211641,0.882239127,0.8243252,0.883217969,1.155950519
12,D7,hsa-miR-760,0.960061619,0.811984005,1.0169597,0.777577818,0.817714323,0.710700094
12,E7,hsa-miR-765,0.998141189,0.870724997,0.824430362,0.678581072,0.807718193,0.771610425
12,F7,hsa-miR-766,0.881140793,1.091873991,0.716595552,0.619464276,0.754517458,0.801777364
12,H7,hsa-miR-767-3p,0.846672702,0.699387892,1.068900223,1.022194674,0.850057666,0.758832754
12,G7,hsa-miR-767-5p,0.916511796,0.748750487,0.827093974,0.612596996,0.73423682,0.708202214
12,B8,hsa-miR-769-3p,1.078549071,0.994889615,0.900052035,0.812121228,0.838956196,0.77165845
12,A8,hsa-miR-769-5p,0.854001792,0.896501377,0.919279952,1.082014747,1.008794649,0.775405275
12,C8,hsa-miR-770-5p,1.016304664,0.872072779,1.137738052,0.999855236,0.796424449,0.853608744
12,D8,hsa-miR-802,0.652238545,1.072499548,1.057787955,0.648588315,0.876489834,0.733901801
12,E8,hsa-miR-873,0.825906867,0.765822466,0.996566437,0.648877842,0.761197582,0.806581013
12,F8,hsa-miR-874,0.698178325,0.75897121,0.913370117,0.68085636,0.708958071,0.77156239
12,H8,hsa-miR-875-3p,0.992033546,0.804739695,0.878243702,0.975985143,0.81718566,0.714591084
12,G8,hsa-miR-875-5p,0.940145513,0.749087415,0.719009438,0.609701101,0.761485959,0.767911635
12,B9,hsa-miR-876-3p,0.869669092,0.951311285,1.130121742,0.753790471,0.806901152,0.763828514
12,A9,hsa-miR-876-5p,0.911997479,0.897006787,0.725502005,1.012266058,0.982987317,0.817053004
12,C9,hsa-miR-877,0.880503477,1.086539034,1.207824361,0.862964157,0.697231836,0.972114847
12,D9,hsa-miR-877*,0.653460078,0.861571323,1.159712862,0.562581436,0.658544769,0.687114226
12,F9,hsa-miR-885-3p,0.828084325,1.060762653,0.891853052,0.686648081,0.760909284,0.706136681
12,E9,hsa-miR-885-5p,0.597641935,0.775649996,0.856144024,0.666501185,0.711264931,0.69835478
12,G9,hsa-miR-887,0.785384231,0.918964439,1.085422927,0.523239228,0.732554806,0.709307064
12,H9,hsa-miR-888,0.927824095,0.928567432,0.82172508,0.957286224,0.822087667,0.705512213
12,A10,hsa-miR-888*,0.792341603,0.782894399,1.02636563,1.060709537,0.86019798,0.83357749
12,B10,hsa-miR-889,1.100589537,0.996068962,1.178774311,0.875457657,0.857939221,1.186405649
12,C10,hsa-miR-890,1.238302584,0.940865908,1.040973847,0.914096614,0.692474022,0.797405992
12,D10,hsa-miR-891a,0.835201002,0.948784156,1.016168964,0.585996509,0.66551326,0.714062677
12,E10,hsa-miR-891b,0.815709809,0.864098348,1.1074394,0.594766803,0.79455016,0.706617063
12,F10,hsa-miR-892a,0.726326402,1.029819762,1.026615364,0.728348366,0.709775112,0.697778338
12,G10,hsa-miR-892b,0.798077443,0.922670812,0.926271996,0.55637606,0.812908498,0.607229515
12,B11,hsa-miR-9,0.892453091,0.84607178,0.897554884,0.885013991,0.880911189,0.864080725
12,H10,hsa-miR-9,1.242710694,0.94142749,0.986494639,0.95798945,0.752210688,0.746775532
12,A11,hsa-miR-9*,0.854851521,1.148705526,0.919862625,0.975943728,0.984332952,0.850966768
12,C11,hsa-miR-9*,0.908014184,0.916100428,1.067693285,0.698769299,0.667675926,0.809943596
12,D11,hsa-miR-920,0.832014424,0.73117311,1.082676111,0.59062984,0.694300299,0.674096329
12,E11,hsa-miR-921,1.029104007,0.748806671,0.82280722,0.615575569,1.032823875,0.755229945
12,F11,hsa-miR-922,0.750385021,1.015836448,0.786099257,0.592698356,0.694396402,1.035378882
12,G11,hsa-miR-924,1.224228534,0.770315039,0.833503285,0.509959689,0.761437948,0.620487567
12,H11,hsa-miR-92a-1*,0.718997312,0.950918138,0.789553613,0.959520114,1.113754312,0.738417189
13,E9,hsa-miR-1244,0.855766879,0.91988918,0.85078177,1.086788924,0.954777817,0.864070665
13,E11,hsa-miR-2909,0.916491297,0.99284252,0.79975544,1.072554389,0.982131964,0.833399561